date,jisdor,previous_jisdor,change_idr,return_pct,news_count,armed_conflict_count,sanctions_count,trade_conflict_count,energy_geopolitics_count,political_instability_count,monetary_geoeconomic_count
2021-09-01,14284,,,,1,0,0,0,0,0,1
2021-09-02,14281,14284.0,-3.0,-0.021002520302437766,4,1,0,1,0,0,2
2021-09-03,14261,14281.0,-20.0,-0.1400462152510329,1,0,0,0,0,0,1
2021-09-06,14239,14261.0,-22.0,-0.15426688170534497,2,1,0,0,0,0,1
2021-09-07,14195,14239.0,-44.0,-0.30901046421799583,0,0,0,0,0,0,0
2021-09-08,14266,14195.0,71.0,0.5001761183515363,3,0,0,0,0,1,2
2021-09-09,14272,14266.0,6.0,0.042058040095338534,3,1,0,0,0,0,2
2021-09-10,14225,14272.0,-47.0,-0.32931614349775984,4,0,0,0,1,0,3
2021-09-13,14260,14225.0,35.0,0.2460456942003475,6,3,0,0,0,0,3
2021-09-14,14257,14260.0,-3.0,-0.021037868162687712,4,0,0,0,0,0,4
2021-09-15,14252,14257.0,-5.0,-0.03507049168829379,7,1,1,0,1,0,4
2021-09-16,14238,14252.0,-14.0,-0.09823182711198308,6,2,0,0,1,0,3
2021-09-17,14233,14238.0,-5.0,-0.035117291754460656,3,0,1,0,1,0,1
2021-09-20,14251,14233.0,18.0,0.12646666198272705,4,0,0,0,0,0,4
2021-09-21,14244,14251.0,-7.0,-0.049119360044913574,2,2,0,0,0,0,0
2021-09-22,14249,14244.0,5.0,0.0351024992979454,3,1,1,0,1,0,0
2021-09-23,14256,14249.0,7.0,0.04912625447399677,8,0,1,1,0,0,6
2021-09-24,14250,14256.0,-6.0,-0.042087542087543284,3,0,0,0,0,0,3
2021-09-27,14258,14250.0,8.0,0.056140350877198486,4,0,1,0,1,0,2
2021-09-28,14269,14258.0,11.0,0.07714967036049902,5,0,0,0,0,0,5
2021-09-29,14307,14269.0,38.0,0.26631158455392434,2,0,0,0,0,0,2
2021-09-30,14321,14307.0,14.0,0.09785419724610556,10,1,0,0,3,0,6
2021-10-01,14315,14321.0,-6.0,-0.041896515606454354,4,0,0,0,0,0,4
2021-10-04,14276,14315.0,-39.0,-0.2724414949353826,5,0,0,0,0,0,5
2021-10-05,14260,14276.0,-16.0,-0.11207621182404148,2,0,0,0,0,0,2
2021-10-06,14245,14260.0,-15.0,-0.10518934081346076,4,0,0,0,1,0,3
2021-10-07,14238,14245.0,-7.0,-0.04914004914005066,4,1,0,2,0,0,1
2021-10-08,14225,14238.0,-13.0,-0.09130495856159992,4,0,0,0,0,0,4
2021-10-11,14210,14225.0,-15.0,-0.10544815465729496,4,2,0,0,1,0,1
2021-10-12,14217,14210.0,7.0,0.04926108374383453,3,1,0,0,0,0,2
2021-10-13,14221,14217.0,4.0,0.0281353309418364,7,0,0,0,0,0,7
2021-10-14,14155,14221.0,-66.0,-0.4641023837986036,8,0,0,0,2,0,6
2021-10-15,14084,14155.0,-71.0,-0.5015895443306273,5,1,0,0,1,0,3
2021-10-18,14096,14084.0,12.0,0.08520306731041316,2,0,0,0,0,0,2
2021-10-19,14080,14096.0,-16.0,-0.11350737797957144,4,3,0,0,0,0,1
2021-10-21,14133,14080.0,53.0,0.37642045454544526,10,0,0,0,1,0,9
2021-10-22,14162,14133.0,29.0,0.2051935187150633,9,0,1,0,2,0,6
2021-10-25,14183,14162.0,21.0,0.1482841406581059,5,1,0,0,0,0,4
2021-10-26,14165,14183.0,-18.0,-0.12691250088133765,3,1,0,0,0,0,2
2021-10-27,14184,14165.0,19.0,0.13413342746204648,4,1,0,0,0,1,3
2021-10-28,14199,14184.0,15.0,0.10575296108290555,1,0,0,0,0,0,1
2021-10-29,14171,14199.0,-28.0,-0.19719698570321853,3,0,1,0,0,0,2
2021-11-01,14235,14171.0,64.0,0.45162656128714396,11,0,1,1,0,0,9
2021-11-02,14261,14235.0,26.0,0.18264840182649067,4,1,0,0,0,0,3
2021-11-03,14301,14261.0,40.0,0.2804852394642676,8,0,0,0,0,0,8
2021-11-04,14327,14301.0,26.0,0.1818054681490766,8,0,0,0,1,0,7
2021-11-05,14374,14327.0,47.0,0.32805192992253485,9,2,0,0,2,1,5
2021-11-08,14268,14374.0,-106.0,-0.7374426047029314,10,2,1,0,2,0,5
2021-11-09,14233,14268.0,-35.0,-0.24530417717970598,5,0,0,0,0,0,5
2021-11-10,14253,14233.0,20.0,0.14051851331413623,6,0,0,0,0,0,6
2021-11-11,14288,14253.0,35.0,0.2455623377534577,22,0,0,0,0,1,21
2021-11-12,14243,14288.0,-45.0,-0.314949608062709,14,3,0,0,1,0,10
2021-11-15,14206,14243.0,-37.0,-0.2597767324299616,11,2,0,0,0,0,9
2021-11-16,14211,14206.0,5.0,0.035196395889069976,15,2,1,1,1,0,10
2021-11-17,14259,14211.0,48.0,0.3377665188938117,13,2,1,0,1,0,9
2021-11-18,14231,14259.0,-28.0,-0.19636720667648433,5,0,0,0,1,0,4
2021-11-19,14237,14231.0,6.0,0.042161478462521274,4,1,0,0,0,0,3
2021-11-22,14255,14237.0,18.0,0.12643113015382568,9,0,0,0,0,0,9
2021-11-23,14272,14255.0,17.0,0.11925640126271286,7,0,0,0,0,1,6
2021-11-24,14272,14272.0,0.0,0.0,5,0,0,0,0,0,5
2021-11-25,14280,14272.0,8.0,0.05605381165918466,10,3,0,0,0,0,8
2021-11-26,14280,14280.0,0.0,0.0,1,1,0,0,0,0,0
2021-11-29,14340,14280.0,60.0,0.42016806722688926,3,0,0,0,0,0,3
2021-11-30,14320,14340.0,-20.0,-0.1394700139469962,5,0,0,1,0,0,5
2021-12-01,14353,14320.0,33.0,0.23044692737430594,4,0,0,0,1,0,3
2021-12-02,14378,14353.0,25.0,0.17417961401797744,9,0,0,1,1,0,7
2021-12-03,14408,14378.0,30.0,0.2086521073862757,3,0,0,1,1,0,1
2021-12-06,14441,14408.0,33.0,0.22903942254304255,4,1,0,0,0,0,3
2021-12-07,14408,14441.0,-33.0,-0.22851603074579563,6,0,1,0,1,1,3
2021-12-08,14348,14408.0,-60.0,-0.41643531371460263,3,1,0,0,0,0,2
2021-12-09,14351,14348.0,3.0,0.020908837468636143,8,2,0,0,0,0,6
2021-12-10,14378,14351.0,27.0,0.18814019928925507,6,0,0,0,0,0,6
2021-12-13,14346,14378.0,-32.0,-0.22256224787869927,16,0,0,0,0,0,16
2021-12-14,14348,14346.0,2.0,0.013941168269893112,10,1,0,0,0,0,9
2021-12-15,14337,14348.0,-11.0,-0.0766657373850066,10,0,0,0,1,0,9
2021-12-16,14343,14337.0,6.0,0.04184975936387669,10,1,0,0,1,0,8
2021-12-17,14343,14343.0,0.0,0.0,8,1,1,0,0,0,6
2021-12-20,14384,14343.0,41.0,0.28585372655651753,2,0,0,0,0,0,2
2021-12-21,14349,14384.0,-35.0,-0.24332591768632117,2,1,0,0,0,0,1
2021-12-22,14264,14349.0,-85.0,-0.5923757753153569,0,0,0,0,0,0,0
2021-12-23,14251,14264.0,-13.0,-0.09113853056645915,2,1,0,0,0,0,1
2021-12-24,14219,14251.0,-32.0,-0.2245456459195827,0,0,0,0,0,0,0
2021-12-27,14225,14219.0,6.0,0.04219706027146497,0,0,0,0,0,0,0
2021-12-28,14237,14225.0,12.0,0.08435852372583597,1,0,0,0,0,0,1
2021-12-29,14265,14237.0,28.0,0.19667064690593872,0,0,0,0,0,0,0
2021-12-30,14269,14265.0,4.0,0.028040658955474917,3,1,0,0,0,0,2
2021-12-31,14278,14269.0,9.0,0.06307379634171717,2,0,1,0,0,0,1
2022-01-03,14270,14278.0,-8.0,-0.05603025633842407,1,1,0,0,0,0,0
2022-01-04,14310,14270.0,40.0,0.2803083391730965,3,0,0,0,0,0,3
2022-01-05,14365,14310.0,55.0,0.38434661076169885,3,0,0,0,1,0,2
2022-01-06,14396,14365.0,31.0,0.21580229725026712,6,0,0,0,1,0,5
2022-01-07,14360,14396.0,-36.0,-0.25006946373993255,7,0,0,0,0,1,6
2022-01-10,14323,14360.0,-37.0,-0.2576601671309242,7,0,0,0,0,1,6
2022-01-11,14299,14323.0,-24.0,-0.16756266145360188,9,1,0,0,0,0,8
2022-01-12,14302,14299.0,3.0,0.020980488146027376,10,3,1,0,0,0,7
2022-01-13,14311,14302.0,9.0,0.06292826178155853,13,1,1,0,1,0,11
2022-01-14,14310,14311.0,-1.0,-0.006987631891552937,9,1,0,0,0,0,8
2022-01-17,14323,14310.0,13.0,0.09084556254368437,10,3,1,0,0,0,7
2022-01-18,14325,14323.0,2.0,0.013963555121132565,2,2,0,0,0,0,0
2022-01-19,14370,14325.0,45.0,0.3141361256544517,10,4,0,0,1,0,5
2022-01-20,14354,14370.0,-16.0,-0.11134307585246583,6,1,0,0,0,0,5
2022-01-21,14347,14354.0,-7.0,-0.04876689424551106,4,1,1,0,0,0,3
2022-01-24,14327,14347.0,-20.0,-0.13940196556770923,6,1,0,0,0,0,5
2022-01-25,14358,14327.0,31.0,0.21637467718294,7,3,0,0,0,0,4
2022-01-26,14346,14358.0,-12.0,-0.08357709987463213,5,1,0,0,0,0,4
2022-01-27,14385,14346.0,39.0,0.2718527812630711,10,1,0,0,0,0,9
2022-01-28,14381,14385.0,-4.0,-0.027806743135205814,7,1,0,0,0,0,6
2022-01-31,14392,14381.0,11.0,0.07648981294763324,10,2,0,0,0,0,8
2022-02-02,14347,14392.0,-45.0,-0.31267370761534075,11,5,1,0,0,0,6
2022-02-03,14381,14347.0,34.0,0.23698334146511346,6,2,0,0,2,0,2
2022-02-04,14376,14381.0,-5.0,-0.034768096794379755,4,0,0,0,0,0,4
2022-02-07,14404,14376.0,28.0,0.19476905954367574,11,3,1,1,0,0,7
2022-02-08,14385,14404.0,-19.0,-0.13190780338794283,7,3,0,0,0,0,4
2022-02-09,14366,14385.0,-19.0,-0.13208202989224427,7,0,0,0,1,0,7
2022-02-10,14344,14366.0,-22.0,-0.15313935681470214,13,1,0,0,0,1,12
2022-02-11,14359,14344.0,15.0,0.10457334076965363,24,2,0,0,1,0,22
2022-02-14,14338,14359.0,-21.0,-0.14624973883975434,13,3,1,0,0,0,10
2022-02-15,14292,14338.0,-46.0,-0.32082577765378817,9,2,0,0,0,0,7
2022-02-16,14278,14292.0,-14.0,-0.09795689896445747,7,1,0,0,1,0,5
2022-02-17,14301,14278.0,23.0,0.1610869869729692,9,2,0,0,0,0,8
2022-02-18,14339,14301.0,38.0,0.26571568421789316,5,2,0,0,0,0,3
2022-02-21,14329,14339.0,-10.0,-0.06973987028383588,10,6,2,0,0,0,3
2022-02-22,14362,14329.0,33.0,0.23030218438131467,7,4,2,0,0,0,1
2022-02-23,14355,14362.0,-7.0,-0.04873972984263952,12,8,2,0,0,0,4
2022-02-24,14371,14355.0,16.0,0.11145942180423862,14,7,4,0,1,0,4
2022-02-25,14369,14371.0,-2.0,-0.013916916011413871,25,23,3,0,1,0,3
2022-03-01,14350,14369.0,-19.0,-0.13222910432180157,60,48,14,0,1,0,11
2022-03-02,14373,14350.0,23.0,0.1602787456445931,17,14,4,0,1,0,3
2022-03-04,14383,14373.0,10.0,0.06957489737702272,46,33,6,0,3,0,12
2022-03-07,14411,14383.0,28.0,0.19467426823334133,25,24,2,0,0,0,4
2022-03-08,14394,14411.0,-17.0,-0.11796544306432732,22,16,0,0,3,0,4
2022-03-09,14371,14394.0,-23.0,-0.15978880088926006,17,11,0,0,0,0,6
2022-03-10,14298,14371.0,-73.0,-0.5079674344165341,12,9,1,0,0,0,3
2022-03-11,14306,14298.0,8.0,0.05595188138201035,26,12,1,0,0,0,13
2022-03-14,14328,14306.0,22.0,0.15378163008528123,16,11,4,0,0,0,5
2022-03-15,14321,14328.0,-7.0,-0.04885538805137202,21,15,0,0,0,0,7
2022-03-16,14311,14321.0,-10.0,-0.06982752601075726,17,8,1,0,0,1,8
2022-03-17,14290,14311.0,-21.0,-0.14674026972258947,25,8,3,0,0,0,14
2022-03-18,14340,14290.0,50.0,0.3498950314905436,17,11,1,0,0,0,6
2022-03-21,14341,14340.0,1.0,0.0069735006973603575,11,4,1,0,0,0,6
2022-03-22,14358,14341.0,17.0,0.11854124538037691,13,5,1,0,0,1,6
2022-03-23,14351,14358.0,-7.0,-0.04875330826020763,11,6,1,0,1,0,6
2022-03-24,14361,14351.0,10.0,0.06968155529232245,15,9,1,0,0,0,5
2022-03-25,14341,14361.0,-20.0,-0.13926606782257434,14,10,4,0,0,0,3
2022-03-28,14360,14341.0,19.0,0.13248727424866047,12,6,4,0,0,0,5
2022-03-29,14364,14360.0,4.0,0.027855153203337757,8,5,2,0,2,0,1
2022-03-30,14349,14364.0,-15.0,-0.10442773600668476,9,6,1,0,0,0,5
2022-03-31,14357,14349.0,8.0,0.05575301414733058,11,8,0,0,2,1,2
2022-04-01,14364,14357.0,7.0,0.04875670404680399,12,6,3,0,1,0,4
2022-04-04,14362,14364.0,-2.0,-0.013923698134221674,15,11,2,0,1,0,3
2022-04-05,14348,14362.0,-14.0,-0.09747945968527905,6,5,2,0,0,0,2
2022-04-06,14364,14348.0,16.0,0.1115137998327187,13,4,3,0,0,0,7
2022-04-07,14359,14364.0,-5.0,-0.034809245335565286,9,4,2,0,0,0,5
2022-04-08,14365,14359.0,6.0,0.04178563966850124,12,4,0,0,0,0,8
2022-04-11,14370,14365.0,5.0,0.03480682213714559,17,11,1,0,1,0,6
2022-04-12,14364,14370.0,-6.0,-0.041753653444676075,12,4,0,0,0,0,8
2022-04-13,14359,14364.0,-5.0,-0.034809245335565286,22,1,0,0,0,0,21
2022-04-14,14349,14359.0,-10.0,-0.0696427327808391,18,5,1,0,0,0,13
2022-04-18,14356,14349.0,7.0,0.04878388737890038,20,9,2,0,1,0,11
2022-04-19,14347,14356.0,-9.0,-0.06269155753692024,9,3,1,0,1,0,5
2022-04-20,14351,14347.0,4.0,0.027880393113544066,16,9,1,0,2,0,6
2022-04-21,14348,14351.0,-3.0,-0.020904466587690074,8,4,2,0,0,1,5
2022-04-22,14361,14348.0,13.0,0.09060496236408255,6,1,0,0,0,0,5
2022-04-25,14452,14361.0,91.0,0.6336606085927121,7,2,1,0,0,0,5
2022-04-26,14412,14452.0,-40.0,-0.2767783005812374,8,2,0,0,0,0,6
2022-04-27,14418,14412.0,6.0,0.04163197335553814,7,2,0,0,0,0,5
2022-04-28,14480,14418.0,62.0,0.4300180330142789,6,4,0,0,0,0,2
2022-05-09,14534,14480.0,54.0,0.3729281767955728,86,26,3,1,4,0,64
2022-05-10,14546,14534.0,12.0,0.08256501995320686,12,2,1,0,1,1,9
2022-05-11,14546,14546.0,0.0,0.0,11,4,0,1,0,0,7
2022-05-12,14585,14546.0,39.0,0.26811494568954597,18,3,0,0,1,0,15
2022-05-13,14619,14585.0,34.0,0.23311621528967486,9,2,0,0,0,0,7
2022-05-17,14651,14619.0,32.0,0.2188932211505623,23,12,0,1,1,0,10
2022-05-18,14682,14651.0,31.0,0.21158965258343265,8,2,0,0,1,0,6
2022-05-19,14731,14682.0,49.0,0.3337419970031341,9,2,0,0,0,0,7
2022-05-20,14661,14731.0,-70.0,-0.47518837824994664,7,3,0,0,0,0,4
2022-05-23,14665,14661.0,4.0,0.027283268535560623,8,3,0,0,0,0,5
2022-05-24,14653,14665.0,-12.0,-0.08182748039550214,10,6,0,1,1,0,3
2022-05-25,14645,14653.0,-8.0,-0.054596328396916416,10,3,1,0,1,0,7
2022-05-27,14578,14645.0,-67.0,-0.45749402526459315,17,5,0,0,1,0,12
2022-05-30,14544,14578.0,-34.0,-0.2332281520098789,8,0,0,0,1,0,7
2022-05-31,14592,14544.0,48.0,0.3300330033003229,5,2,1,0,1,0,4
2022-06-02,14526,14592.0,-66.0,-0.4523026315789491,24,6,3,0,5,0,14
2022-06-03,14431,14526.0,-95.0,-0.6539997246316931,8,4,2,0,1,0,3
2022-06-06,14462,14431.0,31.0,0.21481532811309378,10,3,0,0,2,0,6
2022-06-07,14464,14462.0,2.0,0.013829345871929632,6,1,0,1,0,0,4
2022-06-08,14477,14464.0,13.0,0.08987831858406903,8,1,0,0,0,0,7
2022-06-09,14555,14477.0,78.0,0.5387856600124419,6,1,0,0,0,0,5
2022-06-10,14569,14555.0,14.0,0.09618687736172582,9,0,0,0,0,0,9
2022-06-13,14672,14569.0,103.0,0.706980575193894,24,6,0,0,0,0,19
2022-06-14,14729,14672.0,57.0,0.38849509269356375,7,2,0,0,1,0,5
2022-06-15,14746,14729.0,17.0,0.11541856202050838,7,1,0,0,1,0,5
2022-06-16,14741,14746.0,-5.0,-0.03390750033906986,18,3,1,0,0,0,15
2022-06-17,14828,14741.0,87.0,0.5901906247880007,15,3,0,0,1,0,12
2022-06-20,14836,14828.0,8.0,0.05395198273536739,13,4,2,0,0,0,9
2022-06-21,14804,14836.0,-32.0,-0.21569156106767684,7,1,0,1,0,0,6
2022-06-22,14860,14804.0,56.0,0.37827614158336687,4,1,0,0,0,0,3
2022-06-23,14835,14860.0,-25.0,-0.1682368775235532,8,3,1,0,0,0,4
2022-06-24,14846,14835.0,11.0,0.07414897202562276,7,0,0,0,1,0,7
2022-06-27,14802,14846.0,-44.0,-0.296376128250031,6,4,1,0,0,0,2
2022-06-28,14837,14802.0,35.0,0.23645453317118204,6,2,0,0,0,0,4
2022-06-29,14848,14837.0,11.0,0.07413897688210991,11,4,1,0,0,0,7
2022-06-30,14882,14848.0,34.0,0.2289870689655249,13,5,1,0,0,0,8
2022-07-01,14956,14882.0,74.0,0.49724499395242816,7,0,0,0,2,0,5
2022-07-04,14960,14956.0,4.0,0.026745119015769703,9,3,0,0,0,0,6
2022-07-05,14990,14960.0,30.0,0.20053475935828402,3,1,0,0,0,0,2
2022-07-06,15015,14990.0,25.0,0.16677785190126748,5,1,0,1,1,0,3
2022-07-07,14986,15015.0,-29.0,-0.19314019314019548,9,2,1,0,1,0,6
2022-07-08,14981,14986.0,-5.0,-0.03336447350861249,5,1,0,0,0,0,4
2022-07-11,14969,14981.0,-12.0,-0.08010146185167821,14,5,0,0,0,0,9
2022-07-12,14993,14969.0,24.0,0.16033135145967492,8,2,0,0,0,0,6
2022-07-13,14985,14993.0,-8.0,-0.05335823384245986,8,2,0,0,0,0,6
2022-07-14,14999,14985.0,14.0,0.0934267600934291,23,3,0,0,0,0,20
2022-07-15,14999,14999.0,0.0,0.0,14,3,0,0,0,1,13
2022-07-18,14986,14999.0,-13.0,-0.08667244482966074,12,2,0,0,0,1,10
2022-07-19,14992,14986.0,6.0,0.04003736821032167,7,0,0,0,0,0,7
2022-07-20,14984,14992.0,-8.0,-0.05336179295624133,6,3,0,0,0,0,3
2022-07-21,15017,14984.0,33.0,0.22023491724505462,8,0,0,0,0,0,8
2022-07-22,15024,15017.0,7.0,0.0466138376506553,7,1,0,0,0,0,6
2022-07-25,14992,15024.0,-32.0,-0.21299254526091493,7,2,0,0,0,0,6
2022-07-26,14984,14992.0,-8.0,-0.05336179295624133,7,2,0,0,0,0,5
2022-07-27,15020,14984.0,36.0,0.2402562733582414,13,0,0,0,2,0,11
2022-07-28,14958,15020.0,-62.0,-0.4127829560585883,11,1,0,0,0,0,10
2022-07-29,14860,14958.0,-98.0,-0.6551678031822439,9,0,0,0,0,0,9
2022-08-01,14874,14860.0,14.0,0.09421265141318358,7,2,0,0,0,0,5
2022-08-02,14888,14874.0,14.0,0.09412397472099432,7,1,1,1,1,0,4
2022-08-03,14917,14888.0,29.0,0.19478774852230707,13,3,0,0,0,0,10
2022-08-04,14929,14917.0,12.0,0.08044512971776552,8,2,0,0,0,0,6
2022-08-05,14904,14929.0,-25.0,-0.16745930738830683,6,2,0,0,0,1,3
2022-08-08,14915,14904.0,11.0,0.07380568974770796,11,2,2,0,0,0,8
2022-08-09,14862,14915.0,-53.0,-0.35534696614146766,16,3,0,0,0,0,13
2022-08-10,14875,14862.0,13.0,0.0874714035796087,15,3,0,0,0,0,12
2022-08-11,14799,14875.0,-76.0,-0.5109243697479005,16,2,0,0,0,0,14
2022-08-12,14688,14799.0,-111.0,-0.750050679099934,11,0,0,0,0,0,11
2022-08-15,14727,14688.0,39.0,0.2655228758170036,9,2,0,0,0,0,7
2022-08-16,14767,14727.0,40.0,0.2716099680858397,7,1,1,0,0,0,5
2022-08-18,14822,14767.0,55.0,0.3724520891176253,18,6,1,0,1,0,13
2022-08-19,14858,14822.0,36.0,0.24288220213195544,9,1,0,0,0,0,8
2022-08-22,14882,14858.0,24.0,0.16152914254947692,10,3,0,0,0,0,7
2022-08-23,14893,14882.0,11.0,0.07391479639833332,3,0,0,0,0,0,3
2022-08-24,14851,14893.0,-42.0,-0.28201168334116566,5,2,1,0,1,0,2
2022-08-25,14827,14851.0,-24.0,-0.16160527910578093,7,2,0,0,0,0,5
2022-08-26,14814,14827.0,-13.0,-0.0876778849396409,4,1,0,0,0,0,3
2022-08-29,14887,14814.0,73.0,0.4927771027406491,12,3,1,0,0,0,9
2022-08-30,14875,14887.0,-12.0,-0.08060724121716767,8,2,0,0,0,0,6
2022-08-31,14853,14875.0,-22.0,-0.1478991596638668,7,2,0,0,0,0,5
2022-09-01,14884,14853.0,31.0,0.2087120447047841,5,1,0,0,1,0,3
2022-09-02,14900,14884.0,16.0,0.10749798441278546,3,1,0,0,0,0,2
2022-09-05,14920,14900.0,20.0,0.13422818791946067,5,1,0,0,1,0,3
2022-09-06,14885,14920.0,-35.0,-0.23458445040214215,4,2,0,0,2,0,2
2022-09-07,14927,14885.0,42.0,0.28216325159555744,9,3,1,0,3,0,4
2022-09-08,14905,14927.0,-22.0,-0.14738393515106862,5,0,0,0,0,0,5
2022-09-09,14846,14905.0,-59.0,-0.39584032203958675,11,1,1,0,0,0,9
2022-09-12,14839,14846.0,-7.0,-0.047150747676139027,9,1,0,0,0,0,8
2022-09-13,14861,14839.0,22.0,0.148257968865817,10,1,0,0,0,0,9
2022-09-14,14923,14861.0,62.0,0.4171993809299446,20,2,0,0,0,0,19
2022-09-15,14899,14923.0,-24.0,-0.1608255712658324,6,1,1,0,0,0,4
2022-09-16,14939,14899.0,40.0,0.2684743942546586,7,1,0,0,0,1,6
2022-09-19,14980,14939.0,41.0,0.27444942767254066,8,3,0,1,0,0,4
2022-09-20,14975,14980.0,-5.0,-0.03337783711615527,7,0,0,0,0,0,7
2022-09-21,15011,14975.0,36.0,0.24040066777963887,13,3,1,0,1,0,10
2022-09-22,15033,15011.0,22.0,0.1465591899273866,20,5,0,0,0,0,15
2022-09-23,15035,15033.0,2.0,0.01330406439166154,10,1,0,0,1,0,8
2022-09-26,15119,15035.0,84.0,0.558696375124712,13,2,0,0,0,1,10
2022-09-27,15155,15119.0,36.0,0.23811098617634308,8,3,0,0,0,0,5
2022-09-28,15243,15155.0,88.0,0.5806664467172595,4,1,0,0,0,0,3
2022-09-29,15247,15243.0,4.0,0.026241553499972703,4,1,0,0,0,0,3
2022-09-30,15232,15247.0,-15.0,-0.09838000918213075,6,1,0,0,0,0,5
2022-10-03,15293,15232.0,61.0,0.40047268907563716,10,4,2,0,0,0,6
2022-10-04,15276,15293.0,-17.0,-0.1111619695285393,11,4,0,0,3,0,4
2022-10-05,15196,15276.0,-80.0,-0.523697302958892,7,3,0,0,1,0,3
2022-10-06,15197,15196.0,1.0,0.006580679126089173,16,4,0,0,8,0,5
2022-10-07,15246,15197.0,49.0,0.32243205895901017,11,1,1,0,4,0,5
2022-10-10,15299,15246.0,53.0,0.3476321658139936,9,2,0,0,1,0,6
2022-10-11,15362,15299.0,63.0,0.4117916203673522,12,2,0,0,2,0,9
2022-10-12,15373,15362.0,11.0,0.07160525973179954,14,6,1,0,0,1,6
2022-10-13,15357,15373.0,-16.0,-0.1040785793273935,14,1,0,0,1,0,12
2022-10-14,15390,15357.0,33.0,0.21488571986716387,17,3,0,0,1,0,13
2022-10-17,15480,15390.0,90.0,0.5847953216374213,12,3,0,0,0,0,9
2022-10-18,15469,15480.0,-11.0,-0.07105943152454497,6,5,0,0,0,0,2
2022-10-19,15491,15469.0,22.0,0.14221992371841186,7,3,1,0,0,0,4
2022-10-20,15579,15491.0,88.0,0.5680717836162863,5,2,0,0,0,0,3
2022-10-21,15610,15579.0,31.0,0.19898581423711814,7,1,1,0,0,1,4
2022-10-24,15590,15610.0,-20.0,-0.12812299807815064,5,2,0,0,0,0,3
2022-10-25,15616,15590.0,26.0,0.16677357280308058,6,0,0,0,1,0,5
2022-10-26,15596,15616.0,-20.0,-0.1280737704917989,7,1,0,0,1,0,5
2022-10-27,15573,15596.0,-23.0,-0.14747371120800157,3,2,1,0,0,0,0
2022-10-28,15542,15573.0,-31.0,-0.1990624799332208,6,1,0,0,0,0,5
2022-10-31,15596,15542.0,54.0,0.3474456311928886,10,3,0,0,0,0,7
2022-11-01,15647,15596.0,51.0,0.32700692485252425,6,2,0,0,1,1,5
2022-11-02,15652,15647.0,5.0,0.031955007349648845,9,1,0,0,1,0,7
2022-11-03,15681,15652.0,29.0,0.18527983644263113,8,1,0,0,0,0,7
2022-11-04,15736,15681.0,55.0,0.3507429373126758,7,1,0,0,0,0,7
2022-11-07,15692,15736.0,-44.0,-0.2796136248093495,6,2,0,0,0,0,4
2022-11-08,15684,15692.0,-8.0,-0.050981391791993236,2,0,0,0,0,0,2
2022-11-09,15654,15684.0,-30.0,-0.19127773527161107,8,2,0,0,0,0,6
2022-11-10,15701,15654.0,47.0,0.3002427494570137,11,1,0,0,0,0,10
2022-11-11,15493,15701.0,-208.0,-1.3247563849436372,19,2,1,0,0,0,16
2022-11-14,15499,15493.0,6.0,0.03872716710773272,7,1,0,0,1,1,4
2022-11-15,15564,15499.0,65.0,0.41938189560617456,7,1,0,0,0,0,6
2022-11-16,15610,15564.0,46.0,0.29555384219994707,12,6,1,0,0,0,6
2022-11-17,15687,15610.0,77.0,0.4932735426008916,12,6,0,0,0,0,6
2022-11-18,15692,15687.0,5.0,0.03187352584943515,7,1,0,0,0,1,5
2022-11-21,15707,15692.0,15.0,0.09559010960999981,8,2,0,0,0,0,6
2022-11-22,15716,15707.0,9.0,0.0572992933087102,7,0,1,0,0,0,6
2022-11-23,15700,15716.0,-16.0,-0.10180707559175328,6,2,0,0,0,1,3
2022-11-24,15647,15700.0,-53.0,-0.3375796178343937,6,2,0,0,0,0,4
2022-11-25,15668,15647.0,21.0,0.13421103086854735,3,2,0,0,0,0,1
2022-11-28,15729,15668.0,61.0,0.3893285677814662,12,3,0,0,0,2,7
2022-11-29,15737,15729.0,8.0,0.050861466081753015,2,0,0,0,0,1,1
2022-11-30,15742,15737.0,5.0,0.0317722564656453,6,1,1,0,1,1,2
2022-12-01,15617,15742.0,-125.0,-0.7940541227290043,9,2,0,0,0,1,6
2022-12-02,15429,15617.0,-188.0,-1.2038163539732305,8,1,2,0,0,1,5
2022-12-05,15409,15429.0,-20.0,-0.12962602890660424,4,0,2,0,2,0,2
2022-12-06,15576,15409.0,167.0,1.083782205204753,5,2,0,0,1,1,1
2022-12-07,15619,15576.0,43.0,0.27606574216743063,9,2,0,0,0,0,7
2022-12-08,15624,15619.0,5.0,0.032012292720406954,6,3,2,0,1,0,1
2022-12-09,15587,15624.0,-37.0,-0.23681515616998938,8,4,1,0,0,0,4
2022-12-12,15642,15587.0,55.0,0.3528581510232831,17,1,1,0,0,0,15
2022-12-13,15661,15642.0,19.0,0.12146784298683322,10,2,1,0,0,1,7
2022-12-14,15619,15661.0,-42.0,-0.26818210842219914,25,2,0,0,1,0,22
2022-12-15,15630,15619.0,11.0,0.07042704398489974,15,0,0,0,0,0,15
2022-12-16,15617,15630.0,-13.0,-0.08317338451695466,11,4,1,1,0,0,7
2022-12-19,15621,15617.0,4.0,0.025613113914313423,3,0,1,0,0,0,2
2022-12-20,15608,15621.0,-13.0,-0.08322130465399091,5,1,0,0,1,0,3
2022-12-21,15601,15608.0,-7.0,-0.04484879548949383,3,2,0,0,0,0,1
2022-12-22,15594,15601.0,-7.0,-0.044868918659057844,2,0,0,0,0,0,2
2022-12-23,15605,15594.0,11.0,0.07053995126331536,5,1,0,0,0,0,4
2022-12-26,15636,15605.0,31.0,0.19865427747516318,3,0,0,0,1,0,3
2022-12-27,15659,15636.0,23.0,0.1470964441033562,1,0,1,0,0,0,0
2022-12-28,15703,15659.0,44.0,0.2809885688741298,2,1,1,0,0,0,1
2022-12-29,15731,15703.0,28.0,0.17830987709355206,1,0,0,0,0,0,1
2022-12-30,15592,15731.0,-139.0,-0.8836056194774677,5,4,0,0,1,1,1
2023-01-02,15572,15592.0,-20.0,-0.12827090815803466,1,0,0,0,0,0,1
2023-01-03,15590,15572.0,18.0,0.11559208836373625,2,1,0,0,0,0,1
2023-01-04,15615,15590.0,25.0,0.1603592046183433,6,1,0,0,1,0,4
2023-01-05,15610,15615.0,-5.0,-0.032020493115592075,4,1,0,0,0,0,3
2023-01-06,15635,15610.0,25.0,0.16015374759770218,4,0,0,0,0,0,4
2023-01-09,15574,15635.0,-61.0,-0.3901503038055698,7,2,1,0,0,0,5
2023-01-10,15589,15574.0,15.0,0.09631437010402255,7,1,0,0,0,0,6
2023-01-11,15527,15589.0,-62.0,-0.3977163384437765,8,1,0,0,0,0,7
2023-01-12,15366,15527.0,-161.0,-1.0369034584916559,13,3,0,0,0,0,10
2023-01-13,15177,15366.0,-189.0,-1.2299882858258449,16,0,0,0,1,0,15
2023-01-16,15019,15177.0,-158.0,-1.0410489556565872,9,2,0,0,0,0,7
2023-01-17,15154,15019.0,135.0,0.8988614421732377,5,2,0,0,0,0,3
2023-01-18,15137,15154.0,-17.0,-0.11218160221723172,11,4,1,0,0,0,6
2023-01-19,15113,15137.0,-24.0,-0.15855189271322123,11,5,0,1,1,0,5
2023-01-20,15121,15113.0,8.0,0.05293455965063032,6,1,0,0,1,0,4
2023-01-24,14930,15121.0,-191.0,-1.2631439719595239,13,2,2,0,1,0,8
2023-01-25,14958,14930.0,28.0,0.18754186202276646,7,3,1,0,0,0,3
2023-01-26,14964,14958.0,6.0,0.040112314480555966,6,4,1,0,0,0,2
2023-01-27,14978,14964.0,14.0,0.09355787222666834,4,1,0,0,0,0,3
2023-01-30,14979,14978.0,1.0,0.006676458806254004,8,3,1,0,0,0,5
2023-01-31,14992,14979.0,13.0,0.08678817010481232,6,2,0,0,0,0,4
2023-02-01,14991,14992.0,-1.0,-0.006670224119531554,10,0,1,0,0,0,9
2023-02-02,14868,14991.0,-123.0,-0.8204922953772287,14,4,0,0,1,0,9
2023-02-03,14898,14868.0,30.0,0.20177562550443007,4,2,1,0,0,0,1
2023-02-06,15055,14898.0,157.0,1.0538327292253902,3,1,0,0,0,0,2
2023-02-07,15139,15055.0,84.0,0.5579541680504896,8,3,1,0,0,0,4
2023-02-08,15122,15139.0,-17.0,-0.11229275381464676,10,1,0,0,0,0,9
2023-02-09,15120,15122.0,-2.0,-0.013225763787860778,5,1,0,0,0,0,4
2023-02-10,15140,15120.0,20.0,0.1322751322751392,6,2,1,0,0,0,4
2023-02-13,15216,15140.0,76.0,0.5019815059445154,10,3,1,0,0,0,6
2023-02-14,15168,15216.0,-48.0,-0.3154574132492094,11,3,0,0,0,0,8
2023-02-15,15194,15168.0,26.0,0.1714135021096963,17,2,0,0,0,0,15
2023-02-16,15176,15194.0,-18.0,-0.11846781624325065,10,3,1,0,0,0,7
2023-02-17,15199,15176.0,23.0,0.15155508697943798,7,0,1,0,0,0,6
2023-02-20,15168,15199.0,-31.0,-0.2039607868938753,10,6,0,0,0,0,4
2023-02-21,15179,15168.0,11.0,0.07252109704640741,5,4,0,0,0,0,3
2023-02-22,15218,15179.0,39.0,0.25693392186574293,10,4,0,0,0,0,6
2023-02-23,15187,15218.0,-31.0,-0.2037061374687843,11,4,0,0,0,0,7
2023-02-24,15216,15187.0,29.0,0.1909527885691764,9,3,0,0,0,0,6
2023-02-27,15274,15216.0,58.0,0.3811777076761391,19,5,2,0,0,0,13
2023-02-28,15240,15274.0,-34.0,-0.22260049757758527,2,1,0,0,0,0,1
2023-03-01,15250,15240.0,10.0,0.06561679790026975,3,1,0,0,0,0,2
2023-03-02,15273,15250.0,23.0,0.15081967213115277,9,2,0,0,0,0,7
2023-03-03,15306,15273.0,33.0,0.2160675702219672,9,2,1,0,0,0,6
2023-03-06,15301,15306.0,-5.0,-0.0326669280020897,8,4,0,0,1,0,3
2023-03-07,15359,15301.0,58.0,0.3790601921443093,7,2,0,0,1,0,4
2023-03-08,15451,15359.0,92.0,0.5989973305553731,7,2,0,0,0,0,5
2023-03-09,15438,15451.0,-13.0,-0.08413694906478364,9,3,0,0,0,0,6
2023-03-10,15468,15438.0,30.0,0.1943256898562007,2,0,0,0,0,0,2
2023-03-13,15374,15468.0,-94.0,-0.6077062322213611,6,2,0,0,0,0,4
2023-03-14,15380,15374.0,6.0,0.039026928580709885,7,1,0,0,0,0,6
2023-03-15,15365,15380.0,-15.0,-0.09752925877762886,9,2,0,0,0,0,7
2023-03-16,15418,15365.0,53.0,0.34493979824274934,7,1,0,0,0,0,6
2023-03-17,15364,15418.0,-54.0,-0.35023997924503725,6,2,0,0,0,0,4
2023-03-20,15372,15364.0,8.0,0.05206977349647701,7,3,0,0,0,0,4
2023-03-21,15349,15372.0,-23.0,-0.14962269060629918,4,2,0,0,0,0,2
2023-03-24,15189,15349.0,-160.0,-1.0424131865268138,30,6,0,0,1,0,23
2023-03-27,15174,15189.0,-15.0,-0.09875567845151201,7,4,0,0,1,0,2
2023-03-28,15088,15174.0,-86.0,-0.5667589297482567,3,1,1,0,0,0,1
2023-03-29,15094,15088.0,6.0,0.03976670201484289,6,1,1,0,0,0,4
2023-03-30,15062,15094.0,-32.0,-0.21200477010733243,3,2,0,0,0,0,1
2023-03-31,14977,15062.0,-85.0,-0.5643340857787837,1,1,0,0,0,0,0
2023-04-03,14990,14977.0,13.0,0.0867997596314396,14,2,2,0,4,0,6
2023-04-04,14913,14990.0,-77.0,-0.5136757838559047,11,3,0,0,5,0,3
2023-04-05,14933,14913.0,20.0,0.13411117816670703,4,1,0,0,1,0,3
2023-04-06,14943,14933.0,10.0,0.0669657804861723,3,2,0,0,0,0,1
2023-04-10,14905,14943.0,-38.0,-0.2542996720872659,6,3,0,0,0,0,3
2023-04-11,14888,14905.0,-17.0,-0.11405568601140503,5,0,0,0,1,0,4
2023-04-12,14866,14888.0,-22.0,-0.14777001612036322,8,1,0,0,0,0,7
2023-04-13,14792,14866.0,-74.0,-0.497780169514328,13,1,1,0,1,0,12
2023-04-14,14666,14792.0,-126.0,-0.8518117901568423,9,1,1,0,0,0,8
2023-04-17,14773,14666.0,107.0,0.7295786172098806,9,1,0,0,1,0,7
2023-04-18,14855,14773.0,82.0,0.5550666756921396,4,3,0,0,0,0,1
2023-04-26,14882,14855.0,27.0,0.18175698418041453,26,10,2,0,1,1,13
2023-04-27,14751,14882.0,-131.0,-0.8802580298347018,4,3,0,0,0,0,1
2023-04-28,14661,14751.0,-90.0,-0.6101281269066505,7,5,1,0,1,0,1
2023-05-02,14703,14661.0,42.0,0.28647431962349756,9,2,0,1,0,0,6
2023-05-03,14706,14703.0,3.0,0.02040399918383784,7,1,0,0,1,0,5
2023-05-04,14632,14706.0,-74.0,-0.5031959744322023,12,1,0,0,0,0,11
2023-05-05,14674,14632.0,42.0,0.28704209950791704,4,1,0,0,0,0,3
2023-05-08,14709,14674.0,35.0,0.23851710508382418,4,1,0,0,0,0,3
2023-05-09,14757,14709.0,48.0,0.3263308178666158,6,1,0,0,0,0,5
2023-05-10,14746,14757.0,-11.0,-0.07454089584604251,10,1,0,0,0,0,9
2023-05-11,14722,14746.0,-24.0,-0.16275600162756199,16,3,0,0,0,0,13
2023-05-12,14752,14722.0,30.0,0.2037766607797753,14,4,0,0,0,0,10
2023-05-15,14812,14752.0,60.0,0.40672451193057846,9,4,0,0,1,0,4
2023-05-16,14810,14812.0,-2.0,-0.013502565487444329,4,1,0,0,0,0,3
2023-05-17,14875,14810.0,65.0,0.4388926401080351,4,1,0,0,0,0,3
2023-05-19,14936,14875.0,61.0,0.4100840336134448,8,3,1,0,0,0,5
2023-05-22,14897,14936.0,-39.0,-0.26111408677021997,8,4,2,0,0,0,5
2023-05-23,14878,14897.0,-19.0,-0.1275424582130591,4,2,0,0,0,0,2
2023-05-24,14905,14878.0,27.0,0.18147600483935378,6,2,0,0,1,0,3
2023-05-25,14952,14905.0,47.0,0.3153304260315348,3,1,0,0,0,0,2
2023-05-26,14959,14952.0,7.0,0.0468164794007464,0,0,0,0,0,0,0
2023-05-29,14973,14959.0,14.0,0.0935891436593339,5,1,0,0,0,0,4
2023-05-30,14969,14973.0,-4.0,-0.026714753222467635,3,3,0,0,0,0,0
2023-05-31,15003,14969.0,34.0,0.22713608123454687,2,1,1,0,0,0,0
2023-06-05,14888,15003.0,-115.0,-0.7665133639938704,28,7,0,0,6,0,15
2023-06-06,14839,14888.0,-49.0,-0.3291241268135403,3,1,0,0,1,0,1
2023-06-07,14875,14839.0,36.0,0.24260394905317728,4,3,0,0,0,1,0
2023-06-08,14903,14875.0,28.0,0.1882352941176446,6,3,0,0,0,0,3
2023-06-09,14853,14903.0,-50.0,-0.3355029188753966,1,0,0,0,0,0,1
2023-06-12,14874,14853.0,21.0,0.14138557867098278,10,2,0,0,0,0,8
2023-06-13,14868,14874.0,-6.0,-0.04033884630899598,7,1,0,0,0,0,6
2023-06-14,14895,14868.0,27.0,0.1815980629539915,13,1,0,0,0,0,12
2023-06-15,14943,14895.0,48.0,0.322255790533732,16,1,0,0,0,0,15
2023-06-16,14945,14943.0,2.0,0.01338419326775142,7,2,0,0,0,0,5
2023-06-19,14994,14945.0,49.0,0.3278688524590123,8,4,0,0,0,0,4
2023-06-20,15040,14994.0,46.0,0.3067893824196366,4,2,0,0,0,0,2
2023-06-21,14982,15040.0,-58.0,-0.38563829787233717,5,2,0,0,0,0,3
2023-06-22,14918,14982.0,-64.0,-0.4271792818048348,9,3,0,0,0,0,6
2023-06-23,14998,14918.0,80.0,0.5362649148679344,12,1,1,1,0,0,9
2023-06-26,15026,14998.0,28.0,0.18669155887451883,4,1,0,0,1,0,2
2023-06-27,15000,15026.0,-26.0,-0.17303340875814976,6,3,1,0,0,0,3
2023-07-03,15034,15000.0,34.0,0.2266666666666639,16,5,0,0,0,0,11
2023-07-04,15018,15034.0,-16.0,-0.10642543567912499,5,2,0,0,1,0,2
2023-07-05,15013,15018.0,-5.0,-0.033293381275800726,4,2,0,0,0,0,2
2023-07-06,15062,15013.0,49.0,0.3263838007060649,5,1,0,0,1,0,3
2023-07-07,15136,15062.0,74.0,0.4913026158544609,6,3,0,0,0,0,3
2023-07-10,15192,15136.0,56.0,0.36997885835095,9,3,0,0,0,0,6
2023-07-11,15162,15192.0,-30.0,-0.1974723538704537,10,2,0,0,0,0,8
2023-07-12,15084,15162.0,-78.0,-0.5144440047487153,7,2,0,0,0,1,4
2023-07-13,14978,15084.0,-106.0,-0.7027313709891292,18,1,0,0,0,0,17
2023-07-14,14945,14978.0,-33.0,-0.2203231406062267,7,1,0,0,0,0,6
2023-07-17,15007,14945.0,62.0,0.41485446637672396,7,2,0,0,0,0,5
2023-07-18,14994,15007.0,-13.0,-0.08662624108749517,3,2,0,0,0,0,2
2023-07-20,14991,14994.0,-3.0,-0.02000800320127727,8,4,0,0,0,0,4
2023-07-21,15026,14991.0,35.0,0.23347341738375604,5,1,0,1,0,0,4
2023-07-24,15028,15026.0,2.0,0.013310262212162804,5,2,0,0,0,0,3
2023-07-25,15007,15028.0,-21.0,-0.13973915357998745,3,2,0,1,0,0,1
2023-07-26,15032,15007.0,25.0,0.16658892516825397,6,1,0,0,0,0,5
2023-07-27,15003,15032.0,-29.0,-0.19292176689728047,13,1,0,0,0,0,12
2023-07-28,15083,15003.0,80.0,0.5332266879957359,9,1,0,1,2,0,5
2023-07-31,15092,15083.0,9.0,0.05966982695750911,8,2,0,0,0,0,6
2023-08-01,15117,15092.0,25.0,0.16565067585476712,7,2,0,0,0,1,5
2023-08-02,15171,15117.0,54.0,0.3572137328835101,7,6,0,1,0,0,0
2023-08-03,15198,15171.0,27.0,0.17797112912794066,2,1,0,0,0,0,1
2023-08-04,15168,15198.0,-30.0,-0.19739439399920622,6,1,0,1,1,0,3
2023-08-07,15178,15168.0,10.0,0.0659282700421926,9,3,2,1,0,0,5
2023-08-08,15229,15178.0,51.0,0.3360126498880067,4,1,0,0,0,0,3
2023-08-09,15206,15229.0,-23.0,-0.15102764462538998,4,1,0,0,0,0,3
2023-08-10,15204,15206.0,-2.0,-0.013152702880436795,10,1,0,0,0,0,9
2023-08-11,15225,15204.0,21.0,0.13812154696133394,12,2,0,0,0,0,10
2023-08-14,15323,15225.0,98.0,0.6436781609195474,3,2,1,0,0,0,1
2023-08-15,15346,15323.0,23.0,0.15010115512628097,6,2,0,0,0,0,4
2023-08-16,15308,15346.0,-38.0,-0.24762153004039833,8,2,1,0,1,0,4
2023-08-18,15308,15308.0,0.0,0.0,16,4,1,0,0,0,12
2023-08-21,15329,15308.0,21.0,0.1371831721975525,3,2,0,0,0,0,1
2023-08-22,15326,15329.0,-3.0,-0.019570748254937875,3,1,0,0,0,0,2
2023-08-23,15319,15326.0,-7.0,-0.04567401800861237,2,1,0,0,0,0,1
2023-08-24,15253,15319.0,-66.0,-0.43083752203146863,4,2,0,0,0,0,2
2023-08-25,15297,15253.0,44.0,0.2884678423916709,7,3,0,0,0,0,4
2023-08-28,15294,15297.0,-3.0,-0.01961168856638995,1,0,0,0,0,0,1
2023-08-29,15263,15294.0,-31.0,-0.20269386687590263,2,2,1,0,0,0,0
2023-08-30,15239,15263.0,-24.0,-0.1572430059621266,3,1,0,0,0,0,2
2023-08-31,15237,15239.0,-2.0,-0.013124220749394233,4,2,1,0,0,0,1
2023-09-01,15252,15237.0,15.0,0.098444575703871,6,2,1,0,0,0,3
2023-09-04,15247,15252.0,-5.0,-0.032782585890378524,3,1,0,0,0,1,1
2023-09-05,15260,15247.0,13.0,0.08526267462451997,4,3,0,0,0,0,1
2023-09-06,15307,15260.0,47.0,0.3079947575360453,8,1,1,0,0,1,5
2023-09-07,15334,15307.0,27.0,0.17638988697981084,6,2,0,0,0,0,4
2023-09-08,15341,15334.0,7.0,0.04565018912221497,3,1,0,0,0,0,2
2023-09-11,15352,15341.0,11.0,0.07170327879537641,7,3,1,0,0,0,3
2023-09-12,15344,15352.0,-8.0,-0.05211047420531356,6,3,0,0,0,0,3
2023-09-13,15367,15344.0,23.0,0.14989572471324486,11,2,0,0,0,3,6
2023-09-14,15357,15367.0,-10.0,-0.06507451031431133,13,2,0,0,0,0,11
2023-09-15,15367,15357.0,10.0,0.06511688480823619,5,1,0,0,1,1,2
2023-09-18,15373,15367.0,6.0,0.03904470618858458,11,4,0,0,0,0,7
2023-09-19,15381,15373.0,8.0,0.05203928966368565,5,1,0,0,0,0,4
2023-09-20,15396,15381.0,15.0,0.09752291788569512,7,1,0,0,1,1,4
2023-09-21,15397,15396.0,1.0,0.006495193556776968,10,2,0,0,0,0,8
2023-09-22,15383,15397.0,-14.0,-0.09092680392284169,7,2,0,1,0,0,5
2023-09-25,15399,15383.0,16.0,0.10401092114671329,6,1,0,0,1,0,4
2023-09-26,15464,15399.0,65.0,0.4221053315150325,3,2,0,0,0,0,1
2023-09-27,15526,15464.0,62.0,0.40093119503361585,10,3,0,0,0,0,7
2023-09-29,15487,15526.0,-39.0,-0.2511915496586359,12,5,0,0,0,2,5
2023-10-02,15519,15487.0,32.0,0.20662491121585802,4,1,0,0,0,0,3
2023-10-03,15600,15519.0,81.0,0.5219408467040498,6,1,0,0,3,0,2
2023-10-04,15636,15600.0,36.0,0.2307692307692344,2,0,0,0,0,0,2
2023-10-05,15601,15636.0,-35.0,-0.22384241493987878,2,2,0,0,0,0,0
2023-10-06,15628,15601.0,27.0,0.17306582911351676,3,1,0,0,0,0,2
2023-10-09,15675,15628.0,47.0,0.3007422574865526,14,11,0,0,1,0,2
2023-10-10,15708,15675.0,33.0,0.21052631578948322,15,14,0,0,1,0,1
2023-10-11,15710,15708.0,2.0,0.01273236567354008,11,8,0,0,0,0,4
2023-10-12,15702,15710.0,-8.0,-0.05092297899427223,12,6,0,0,0,0,6
2023-10-13,15709,15702.0,7.0,0.04458030824099346,19,8,0,0,0,0,11
2023-10-16,15716,15709.0,7.0,0.044560443058117016,13,9,0,0,0,0,4
2023-10-17,15718,15716.0,2.0,0.012725884448960834,7,6,0,0,0,0,1
2023-10-18,15731,15718.0,13.0,0.08270772362894974,10,8,0,0,0,0,2
2023-10-19,15838,15731.0,107.0,0.6801856207488299,4,2,0,0,0,0,2
2023-10-20,15856,15838.0,18.0,0.11365071347393396,10,4,0,0,0,0,6
2023-10-23,15943,15856.0,87.0,0.548688193743696,6,4,0,1,0,0,1
2023-10-24,15869,15943.0,-74.0,-0.4641535470112257,3,3,0,0,0,0,0
2023-10-25,15871,15869.0,2.0,0.012603188606719051,5,4,0,0,0,0,1
2023-10-26,15933,15871.0,62.0,0.390649612500793,9,9,1,0,0,1,0
2023-10-27,15941,15933.0,8.0,0.0502102554446715,6,2,0,0,0,1,3
2023-10-30,15916,15941.0,-25.0,-0.1568283043723695,12,6,1,0,0,0,5
2023-10-31,15897,15916.0,-19.0,-0.11937672782106334,10,7,0,0,0,0,3
2023-11-01,15946,15897.0,49.0,0.3082342580360997,12,5,0,0,1,0,6
2023-11-02,15861,15946.0,-85.0,-0.5330490405117239,8,3,0,0,0,0,5
2023-11-03,15771,15861.0,-90.0,-0.5674295441649324,8,8,1,0,0,0,1
2023-11-06,15550,15771.0,-221.0,-1.4013061949147199,3,3,0,0,0,0,0
2023-11-07,15593,15550.0,43.0,0.2765273311897021,5,2,0,0,0,0,3
2023-11-08,15629,15593.0,36.0,0.23087282755083205,5,4,0,0,0,0,1
2023-11-09,15649,15629.0,20.0,0.1279672403864618,5,3,0,0,0,0,2
2023-11-10,15693,15649.0,44.0,0.2811681257588239,10,3,0,0,1,0,6
2023-11-13,15713,15693.0,20.0,0.12744535780284671,9,6,0,0,0,0,3
2023-11-14,15699,15713.0,-14.0,-0.08909819894354909,4,1,0,0,0,1,2
2023-11-15,15503,15699.0,-196.0,-1.2484871647875706,17,5,0,0,0,0,12
2023-11-16,15595,15503.0,92.0,0.5934335289943915,11,3,0,0,0,0,8
2023-11-17,15504,15595.0,-91.0,-0.5835203590894511,8,3,1,0,1,0,3
2023-11-20,15419,15504.0,-85.0,-0.5482456140350922,6,4,0,0,0,0,3
2023-11-21,15436,15419.0,17.0,0.11025358324145973,1,1,0,0,0,0,0
2023-11-22,15584,15436.0,148.0,0.9587976159626921,6,4,0,0,0,0,2
2023-11-23,15593,15584.0,9.0,0.0577515400410622,4,1,0,0,2,0,1
2023-11-24,15587,15593.0,-6.0,-0.03847880459180164,7,4,0,0,2,0,1
2023-11-27,15527,15587.0,-60.0,-0.38493616475268055,3,0,0,0,1,0,2
2023-11-28,15450,15527.0,-77.0,-0.4959103497134021,4,3,0,0,1,0,0
2023-11-29,15384,15450.0,-66.0,-0.4271844660194146,6,3,0,0,0,0,3
2023-11-30,15484,15384.0,100.0,0.6500260010400494,7,3,0,0,1,0,3
2023-12-01,15524,15484.0,40.0,0.25833118057350113,10,3,0,0,4,0,3
2023-12-04,15446,15524.0,-78.0,-0.5024478227261042,5,2,0,0,0,0,3
2023-12-05,15504,15446.0,58.0,0.3755017480253864,1,0,0,0,0,0,1
2023-12-06,15504,15504.0,0.0,0.0,6,3,0,0,0,1,2
2023-12-07,15536,15504.0,32.0,0.20639834881321928,3,2,0,0,0,0,1
2023-12-08,15500,15536.0,-36.0,-0.23171987641606995,2,1,0,0,0,0,1
2023-12-11,15614,15500.0,114.0,0.7354838709677347,4,0,0,0,0,0,4
2023-12-12,15631,15614.0,17.0,0.10887664916101603,5,1,0,0,0,0,4
2023-12-13,15629,15631.0,-2.0,-0.012795086686712143,16,4,0,0,0,0,12
2023-12-14,15493,15629.0,-136.0,-0.8701772346279335,12,3,0,0,0,0,9
2023-12-15,15503,15493.0,10.0,0.06454527851287306,4,1,0,0,0,1,2
2023-12-18,15516,15503.0,13.0,0.08385473779268793,10,4,1,0,0,0,6
2023-12-19,15506,15516.0,-10.0,-0.06444960041247505,0,0,0,0,0,0,0
2023-12-20,15512,15506.0,6.0,0.0386946988262693,4,0,0,0,0,0,4
2023-12-21,15533,15512.0,21.0,0.13537906137184308,4,1,1,2,0,0,1
2023-12-22,15489,15533.0,-44.0,-0.2832678812850098,4,2,0,0,0,0,2
2023-12-27,15414,15489.0,-75.0,-0.4842146039124584,9,1,0,0,1,0,7
2023-12-28,15416,15414.0,2.0,0.012975217334898481,2,1,0,0,0,0,1
2023-12-29,15439,15416.0,23.0,0.1491956408925743,2,2,0,0,0,0,0
2024-01-02,15473,15439.0,34.0,0.22022151693763536,1,1,0,0,0,0,0
2024-01-03,15495,15473.0,22.0,0.14218315775866852,1,1,0,0,0,0,0
2024-01-04,15525,15495.0,30.0,0.1936108422071703,14,8,0,0,1,0,7
2024-01-05,15518,15525.0,-7.0,-0.04508856682770013,4,2,0,0,0,0,3
2024-01-08,15522,15518.0,4.0,0.025776517592479564,8,3,0,0,0,0,5
2024-01-09,15518,15522.0,-4.0,-0.02576987501610173,3,1,0,0,0,0,2
2024-01-10,15568,15518.0,50.0,0.32220646990590573,4,2,0,0,1,0,1
2024-01-11,15558,15568.0,-10.0,-0.0642343268242529,6,2,0,0,0,0,4
2024-01-12,15559,15558.0,1.0,0.006427561383204328,13,4,0,0,0,0,9
2024-01-15,15555,15559.0,-4.0,-0.02570859309724005,4,1,0,0,0,0,3
2024-01-16,15592,15555.0,37.0,0.2378656380584987,7,5,0,0,0,0,2
2024-01-17,15639,15592.0,47.0,0.30143663417137034,10,2,0,0,0,0,8
2024-01-18,15630,15639.0,-9.0,-0.05754843660080722,3,2,0,0,0,0,2
2024-01-19,15628,15630.0,-2.0,-0.01279590531030328,5,2,0,0,0,0,4
2024-01-22,15627,15628.0,-1.0,-0.006398771435889294,7,3,0,0,1,0,4
2024-01-23,15656,15627.0,29.0,0.18557624624047087,7,1,0,1,0,0,5
2024-01-24,15719,15656.0,63.0,0.4024016351558579,1,1,0,0,0,0,0
2024-01-25,15767,15719.0,48.0,0.30536293657357216,5,2,0,0,1,0,2
2024-01-26,15829,15767.0,62.0,0.3932263588507734,5,1,0,0,0,0,4
2024-01-29,15825,15829.0,-4.0,-0.0252700739149625,5,2,0,0,0,0,3
2024-01-30,15796,15825.0,-29.0,-0.18325434439178112,5,1,0,1,0,0,3
2024-01-31,15803,15796.0,7.0,0.04431501645987268,6,2,0,0,0,0,4
2024-02-01,15775,15803.0,-28.0,-0.17718154780738127,11,3,0,0,0,0,8
2024-02-02,15688,15775.0,-87.0,-0.5515055467511853,5,2,0,0,0,0,3
2024-02-05,15705,15688.0,17.0,0.10836308006119122,8,4,0,1,0,1,2
2024-02-06,15734,15705.0,29.0,0.18465456860872198,6,2,0,0,0,0,4
2024-02-07,15685,15734.0,-49.0,-0.3114274818863616,5,4,0,0,0,0,1
2024-02-12,15612,15685.0,-73.0,-0.46541281479119956,20,12,1,0,0,1,6
2024-02-13,15585,15612.0,-27.0,-0.17294388931591298,6,1,0,0,0,0,5
2024-02-15,15606,15585.0,21.0,0.13474494706449125,21,5,1,0,0,0,16
2024-02-16,15654,15606.0,48.0,0.3075740099961477,3,1,0,0,0,0,2
2024-02-19,15630,15654.0,-24.0,-0.15331544653123252,10,5,0,0,0,0,5
2024-02-20,15659,15630.0,29.0,0.1855406269993587,3,3,1,0,0,0,0
2024-02-21,15658,15659.0,-1.0,-0.0063861038380519375,9,3,2,0,1,0,3
2024-02-22,15630,15658.0,-28.0,-0.17882232724485414,6,3,0,0,0,0,3
2024-02-23,15589,15630.0,-41.0,-0.26231605886116727,6,3,0,0,0,0,3
2024-02-26,15635,15589.0,46.0,0.2950798640066754,8,3,1,0,0,0,5
2024-02-27,15655,15635.0,20.0,0.12791813239527716,4,4,1,0,0,0,0
2024-02-28,15673,15655.0,18.0,0.11497923985948066,5,2,0,0,1,0,2
2024-02-29,15715,15673.0,42.0,0.26797677534613484,11,4,0,0,1,1,5
2024-03-01,15696,15715.0,-19.0,-0.12090359529112193,10,3,1,0,1,0,6
2024-03-04,15723,15696.0,27.0,0.17201834862385912,6,0,0,0,3,0,3
2024-03-05,15756,15723.0,33.0,0.20988360999809608,5,3,0,0,0,0,2
2024-03-06,15723,15756.0,-33.0,-0.20944402132521134,3,1,0,1,1,0,0
2024-03-07,15658,15723.0,-65.0,-0.41340711060230406,3,1,0,0,0,0,2
2024-03-08,15603,15658.0,-55.0,-0.351258142802402,8,3,0,0,0,1,5
2024-03-13,15576,15603.0,-27.0,-0.17304364545279727,36,7,0,3,1,0,27
2024-03-14,15582,15576.0,6.0,0.038520801232655444,8,1,0,1,0,2,4
2024-03-15,15624,15582.0,42.0,0.26954177897573484,13,1,0,0,2,0,11
2024-03-18,15672,15624.0,48.0,0.3072196620583778,6,2,0,0,0,0,4
2024-03-19,15712,15672.0,40.0,0.2552322613578406,7,3,0,0,0,0,4
2024-03-20,15727,15712.0,15.0,0.09546843177188347,9,1,0,0,0,0,8
2024-03-21,15662,15727.0,-65.0,-0.41330196477396,7,2,0,0,0,0,5
2024-03-22,15773,15662.0,111.0,0.7087217469033291,7,0,0,0,1,0,6
2024-03-25,15795,15773.0,22.0,0.13947885627338952,4,1,0,0,0,0,3
2024-03-26,15797,15795.0,2.0,0.01266223488445295,9,3,1,0,1,0,4
2024-03-27,15853,15797.0,56.0,0.3544976894346963,1,0,0,0,0,0,1
2024-03-28,15873,15853.0,20.0,0.12615908660822406,5,2,0,0,0,0,3
2024-04-01,15909,15873.0,36.0,0.22680022680021672,8,2,0,0,0,0,6
2024-04-02,15934,15909.0,25.0,0.15714375510718082,3,3,0,0,0,0,0
2024-04-03,15923,15934.0,-11.0,-0.069034768419729,5,0,0,0,0,0,5
2024-04-04,15907,15923.0,-16.0,-0.10048357721534895,9,2,0,0,1,0,6
2024-04-05,15873,15907.0,-34.0,-0.21374237756962566,5,3,0,0,0,0,2
2024-04-16,16176,15873.0,303.0,1.9089019089019166,80,20,3,2,1,1,56
2024-04-17,16240,16176.0,64.0,0.3956478733926794,10,3,3,0,0,0,4
2024-04-18,16177,16240.0,-63.0,-0.387931034482758,7,3,0,1,0,0,3
2024-04-19,16280,16177.0,103.0,0.6367064350621288,7,5,1,0,0,0,2
2024-04-22,16224,16280.0,-56.0,-0.3439803439803435,10,5,0,1,0,0,5
2024-04-23,16244,16224.0,20.0,0.12327416173569805,6,5,0,0,0,0,1
2024-04-24,16161,16244.0,-83.0,-0.5109578921447921,5,1,0,0,1,0,4
2024-04-25,16208,16161.0,47.0,0.2908235876492693,4,1,1,1,1,0,1
2024-04-26,16222,16208.0,14.0,0.08637709772951752,8,1,0,0,1,0,7
2024-04-29,16249,16222.0,27.0,0.16644063617310412,10,4,1,0,2,1,4
2024-04-30,16276,16249.0,27.0,0.16616407163518865,5,1,0,1,1,0,2
2024-05-02,16202,16276.0,-74.0,-0.4546571639223451,18,2,0,0,3,0,15
2024-05-03,16094,16202.0,-108.0,-0.6665843722997167,9,1,0,0,3,0,5
2024-05-06,16025,16094.0,-69.0,-0.42873120417546984,6,2,0,0,2,0,2
2024-05-07,16054,16025.0,29.0,0.18096723868954445,6,2,0,0,2,0,2
2024-05-08,16081,16054.0,27.0,0.16818238445246436,4,2,0,0,1,0,1
2024-05-13,16085,16081.0,4.0,0.024874074995340223,19,5,0,1,1,0,12
2024-05-14,16131,16085.0,46.0,0.28598072738577063,10,3,0,0,0,0,7
2024-05-15,16070,16131.0,-61.0,-0.37815386522843664,15,2,0,2,0,0,11
2024-05-16,15944,16070.0,-126.0,-0.7840696950840109,14,2,0,3,1,0,8
2024-05-17,15978,15944.0,34.0,0.21324636226793814,7,2,0,0,1,0,5
2024-05-20,15980,15978.0,2.0,0.012517211165352649,4,2,0,0,0,0,2
2024-05-21,16024,15980.0,44.0,0.27534418022527873,4,1,0,1,2,0,0
2024-05-22,15995,16024.0,-29.0,-0.18097853220169213,9,1,0,0,1,0,7
2024-05-27,16064,15995.0,69.0,0.43138480775242183,18,5,0,2,2,0,9
2024-05-28,16095,16064.0,31.0,0.19297808764939806,2,1,0,0,0,0,1
2024-05-29,16160,16095.0,65.0,0.40385212799005643,6,3,0,0,1,0,2
2024-05-30,16253,16160.0,93.0,0.5754950495049593,2,1,0,0,0,0,1
2024-05-31,16251,16253.0,-2.0,-0.012305420537750411,7,3,0,0,2,0,3
2024-06-03,16225,16251.0,-26.0,-0.1599901544520388,10,2,1,0,4,0,4
2024-06-04,16220,16225.0,-5.0,-0.030816640986131016,4,1,0,0,1,0,2
2024-06-05,16282,16220.0,62.0,0.38224414303329457,4,0,0,1,2,0,1
2024-06-06,16279,16282.0,-3.0,-0.01842525488269242,4,1,0,0,2,0,1
2024-06-07,16218,16279.0,-61.0,-0.3747158916395321,3,1,0,0,1,0,1
2024-06-10,16290,16218.0,72.0,0.4439511653718142,5,1,0,0,1,0,3
2024-06-11,16295,16290.0,5.0,0.030693677102511252,6,1,0,1,2,0,2
2024-06-12,16297,16295.0,2.0,0.012273703590048868,9,0,0,0,1,0,8
2024-06-13,16286,16297.0,-11.0,-0.06749708535312982,18,1,0,4,2,0,11
2024-06-14,16374,16286.0,88.0,0.5403413975193505,8,0,0,2,2,0,5
2024-06-19,16368,16374.0,-6.0,-0.03664345914253797,16,2,0,2,3,0,9
2024-06-20,16420,16368.0,52.0,0.3176930596285432,3,1,0,0,0,0,2
2024-06-21,16458,16420.0,38.0,0.23142509135201106,4,1,0,0,1,0,2
2024-06-24,16431,16458.0,-27.0,-0.16405395552314683,7,1,0,1,2,0,3
2024-06-25,16379,16431.0,-52.0,-0.3164749558760893,5,1,0,0,1,0,3
2024-06-26,16435,16379.0,56.0,0.34190121497039705,4,0,0,0,1,0,3
2024-06-27,16421,16435.0,-14.0,-0.08518405841192456,8,1,0,0,1,1,5
2024-06-28,16394,16421.0,-27.0,-0.16442360392180388,9,1,0,0,1,1,6
2024-07-01,16355,16394.0,-39.0,-0.23789191167500334,4,1,0,0,1,0,3
2024-07-02,16384,16355.0,29.0,0.1773158055640378,3,0,0,0,1,0,2
2024-07-03,16387,16384.0,3.0,0.018310546875,7,0,0,1,2,0,4
2024-07-04,16341,16387.0,-46.0,-0.28071031915543054,6,2,0,0,2,0,2
2024-07-05,16312,16341.0,-29.0,-0.17746771923382587,3,1,0,2,0,0,0
2024-07-08,16265,16312.0,-47.0,-0.2881314369789112,6,2,0,0,1,1,3
2024-07-09,16281,16265.0,16.0,0.0983707347064211,4,1,0,0,1,0,2
2024-07-10,16256,16281.0,-25.0,-0.15355322154658735,10,2,0,0,1,0,7
2024-07-11,16200,16256.0,-56.0,-0.34448818897637734,5,1,0,0,1,0,3
2024-07-12,16154,16200.0,-46.0,-0.28395061728394566,13,1,0,1,1,0,12
2024-07-15,16174,16154.0,20.0,0.12380834468244117,7,0,0,0,1,0,6
2024-07-16,16203,16174.0,29.0,0.17930011128972634,3,0,0,0,0,0,3
2024-07-17,16129,16203.0,-74.0,-0.4567055483552407,5,0,0,0,0,0,5
2024-07-18,16160,16129.0,31.0,0.1922003844007758,4,1,0,0,0,0,3
2024-07-19,16199,16160.0,39.0,0.24133663366336933,4,1,0,0,1,0,2
2024-07-22,16228,16199.0,29.0,0.17902339650595067,2,0,0,0,1,0,1
2024-07-23,16204,16228.0,-24.0,-0.14789253142716285,0,0,0,0,0,0,0
2024-07-24,16224,16204.0,20.0,0.12342631449024921,1,0,0,0,1,0,0
2024-07-25,16268,16224.0,44.0,0.2712031558185446,2,0,0,0,1,0,1
2024-07-26,16294,16268.0,26.0,0.15982296533070262,4,1,0,0,1,0,2
2024-07-29,16286,16294.0,-8.0,-0.04909782742114066,5,0,0,0,1,0,4
2024-07-30,16320,16286.0,34.0,0.20876826722338038,2,0,0,0,1,0,1
2024-07-31,16294,16320.0,-26.0,-0.1593137254901955,7,1,1,0,1,0,4
2024-08-01,16243,16294.0,-51.0,-0.3129986498097481,7,0,0,0,1,0,6
2024-08-02,16234,16243.0,-9.0,-0.055408483654495466,3,1,0,0,1,0,1
2024-08-05,16154,16234.0,-80.0,-0.492792903782191,4,2,0,0,0,0,2
2024-08-06,16183,16154.0,29.0,0.17952209978953082,3,0,0,0,1,0,2
2024-08-07,16100,16183.0,-83.0,-0.5128838905023803,5,1,0,0,1,0,3
2024-08-08,15952,16100.0,-148.0,-0.9192546583850936,4,0,0,0,1,0,3
2024-08-09,15914,15952.0,-38.0,-0.23821464393180003,5,0,0,0,1,0,4
2024-08-12,15963,15914.0,49.0,0.3079049893175867,14,3,0,0,1,0,10
2024-08-13,15885,15963.0,-78.0,-0.48862995677504406,7,1,0,0,1,0,5
2024-08-14,15691,15885.0,-194.0,-1.2212779351589598,9,0,1,0,1,0,7
2024-08-15,15687,15691.0,-4.0,-0.025492320438469385,11,1,0,0,1,0,9
2024-08-16,15716,15687.0,29.0,0.18486644992670165,2,0,0,0,1,0,1
2024-08-19,15591,15716.0,-125.0,-0.7953677780605739,11,3,0,1,1,0,6
2024-08-20,15480,15591.0,-111.0,-0.7119492014623807,2,1,0,0,1,0,0
2024-08-21,15456,15480.0,-24.0,-0.15503875968991832,3,0,0,1,1,0,1
2024-08-22,15579,15456.0,123.0,0.7958074534161419,6,0,0,1,4,0,3
2024-08-23,15554,15579.0,-25.0,-0.16047243083637808,3,0,0,0,1,0,2
2024-08-26,15380,15554.0,-174.0,-1.118683296901124,9,3,0,0,1,0,5
2024-08-27,15509,15380.0,129.0,0.8387516254876548,3,0,0,1,1,0,1
2024-08-28,15476,15509.0,-33.0,-0.21277967631697647,4,1,0,1,1,0,1
2024-08-29,15409,15476.0,-67.0,-0.43292840527268117,5,0,0,0,2,0,3
2024-08-30,15473,15409.0,64.0,0.41534168343175804,5,1,0,0,1,0,3
2024-09-02,15536,15473.0,63.0,0.4071608608543942,3,0,0,0,0,0,3
2024-09-03,15557,15536.0,21.0,0.1351699279093621,4,2,1,0,0,0,1
2024-09-04,15490,15557.0,-67.0,-0.4306742945297981,2,0,0,0,2,0,0
2024-09-05,15410,15490.0,-80.0,-0.5164622336991553,5,1,0,0,1,0,3
2024-09-06,15372,15410.0,-38.0,-0.24659312134976963,4,0,0,0,2,0,2
2024-09-09,15446,15372.0,74.0,0.4813947436898225,6,1,0,0,1,0,4
2024-09-10,15447,15446.0,1.0,0.006474168069403596,4,1,0,1,1,0,1
2024-09-11,15415,15447.0,-32.0,-0.2071599663365009,8,1,0,1,1,0,5
2024-09-12,15421,15415.0,6.0,0.03892312682451937,10,0,0,1,1,0,8
2024-09-13,15405,15421.0,-16.0,-0.10375462032293781,8,0,1,0,1,0,6
2024-09-17,15338,15405.0,-67.0,-0.4349237260629635,12,0,0,2,0,0,10
2024-09-18,15350,15338.0,12.0,0.07823705828660099,6,0,0,0,1,0,5
2024-09-19,15287,15350.0,-63.0,-0.4104234527687267,11,0,0,1,1,0,9
2024-09-20,15100,15287.0,-187.0,-1.223261594819125,9,1,0,1,1,0,6
2024-09-23,15191,15100.0,91.0,0.6026490066225243,6,2,0,1,0,0,4
2024-09-24,15186,15191.0,-5.0,-0.03291422552826884,3,0,0,1,0,0,2
2024-09-25,15092,15186.0,-94.0,-0.618991176083239,4,0,0,0,1,0,3
2024-09-26,15171,15092.0,79.0,0.5234561357010392,5,1,0,1,0,0,3
2024-09-27,15138,15171.0,-33.0,-0.217520268934146,5,0,0,0,1,0,4
2024-09-30,15144,15138.0,6.0,0.03963535473643365,7,1,0,1,2,0,3
2024-10-01,15204,15144.0,60.0,0.3961965134706924,8,1,0,0,1,0,6
2024-10-02,15247,15204.0,43.0,0.2828203104446203,9,3,0,1,2,0,3
2024-10-03,15394,15247.0,147.0,0.964124089984919,1,1,0,0,1,0,0
2024-10-04,15495,15394.0,101.0,0.6560997791347223,3,1,0,0,1,0,1
2024-10-07,15680,15495.0,185.0,1.1939335269441687,8,1,0,2,1,0,4
2024-10-08,15671,15680.0,-9.0,-0.0573979591836693,4,0,0,2,1,0,1
2024-10-09,15607,15671.0,-64.0,-0.40839767723821474,4,2,0,0,2,0,1
2024-10-10,15658,15607.0,51.0,0.32677644646632587,7,0,0,0,1,0,6
2024-10-11,15609,15658.0,-49.0,-0.3129390726784975,7,1,0,0,0,0,6
2024-10-14,15581,15609.0,-28.0,-0.17938368889742762,8,1,0,1,1,0,6
2024-10-15,15555,15581.0,-26.0,-0.16686990565432103,6,0,1,1,1,0,3
2024-10-16,15536,15555.0,-19.0,-0.12214721954355579,3,1,0,0,1,0,1
2024-10-17,15516,15536.0,-20.0,-0.12873326467559565,2,0,0,0,1,0,1
2024-10-18,15466,15516.0,-50.0,-0.32224800206238635,3,1,0,1,1,0,0
2024-10-21,15465,15466.0,-1.0,-0.006465795939480934,3,1,0,1,0,0,1
2024-10-22,15560,15465.0,95.0,0.6142903330100147,4,1,0,0,1,0,2
2024-10-23,15620,15560.0,60.0,0.3856041131105492,5,0,0,0,2,0,3
2024-10-24,15593,15620.0,-27.0,-0.17285531370038187,4,0,0,2,0,0,2
2024-10-25,15629,15593.0,36.0,0.23087282755083205,6,2,0,2,0,0,2
2024-10-28,15729,15629.0,100.0,0.639836201932309,5,2,0,3,0,0,1
2024-10-29,15760,15729.0,31.0,0.19708818106682902,0,0,0,0,0,0,0
2024-10-30,15732,15760.0,-28.0,-0.17766497461928488,8,0,0,2,1,0,5
2024-10-31,15705,15732.0,-27.0,-0.17162471395880674,4,0,0,0,0,0,4
2024-11-01,15723,15705.0,18.0,0.11461318051575464,6,0,0,0,1,0,5
2024-11-04,15751,15723.0,28.0,0.17808306302868893,2,0,0,1,0,0,1
2024-11-05,15766,15751.0,15.0,0.09523204875880875,6,0,0,4,1,0,1
2024-11-06,15840,15766.0,74.0,0.46936445515666225,0,0,0,0,0,0,0
2024-11-07,15767,15840.0,-73.0,-0.4608585858585812,11,1,1,8,0,0,4
2024-11-08,15671,15767.0,-96.0,-0.6088666201560233,8,0,1,4,0,0,4
2024-11-11,15677,15671.0,6.0,0.03828728224108957,11,1,0,4,0,0,7
2024-11-12,15771,15677.0,94.0,0.5996045161701824,1,0,0,1,0,0,0
2024-11-13,15782,15771.0,11.0,0.06974827214507595,6,0,0,2,1,0,4
2024-11-14,15873,15782.0,91.0,0.5766062602965416,9,0,0,1,0,0,8
2024-11-15,15888,15873.0,15.0,0.094500094500094,6,0,0,1,1,0,4
2024-11-18,15848,15888.0,-40.0,-0.2517623363544774,5,0,0,2,1,0,3
2024-11-19,15816,15848.0,-32.0,-0.2019182231196348,1,1,0,0,0,0,0
2024-11-20,15858,15816.0,42.0,0.26555386949924653,8,2,0,4,1,0,1
2024-11-21,15942,15858.0,84.0,0.5297010972379779,0,0,0,0,0,0,0
2024-11-22,15911,15942.0,-31.0,-0.19445489900891122,4,0,0,1,0,0,3
2024-11-25,15864,15911.0,-47.0,-0.29539312425366226,6,2,0,1,1,0,2
2024-11-26,15930,15864.0,66.0,0.4160363086233021,5,0,0,3,1,0,1
2024-11-28,15864,15930.0,-66.0,-0.4143126177024503,24,1,0,12,1,0,12
2024-11-29,15856,15864.0,-8.0,-0.05042864346949116,4,1,0,3,0,0,0
2024-12-02,15905,15856.0,49.0,0.30903128153381143,1,0,0,0,0,0,1
2024-12-03,15950,15905.0,45.0,0.2829298962590432,4,2,0,0,0,0,2
2024-12-04,15957,15950.0,7.0,0.043887147335430754,1,0,0,0,0,0,1
2024-12-05,15892,15957.0,-65.0,-0.4073447389860263,8,0,0,3,0,2,4
2024-12-06,15848,15892.0,-44.0,-0.2768688648376538,4,0,0,0,2,1,1
2024-12-09,15861,15848.0,13.0,0.08202927814235927,8,2,0,2,1,1,3
2024-12-10,15874,15861.0,13.0,0.081962045268269,1,0,0,0,0,0,1
2024-12-11,15905,15874.0,31.0,0.1952878921506862,7,0,0,2,0,0,5
2024-12-12,15939,15905.0,34.0,0.2137692549512682,9,0,0,1,0,0,8
2024-12-13,15987,15939.0,48.0,0.30114812723507356,8,0,0,0,0,0,8
2024-12-16,16019,15987.0,32.0,0.20016263213862295,7,1,0,1,0,1,4
2024-12-17,16050,16019.0,31.0,0.19352019476870375,0,0,0,0,0,0,0
2024-12-18,16100,16050.0,50.0,0.31152647975076775,6,0,0,1,0,0,6
2024-12-19,16277,16100.0,177.0,1.0993788819875672,4,0,0,0,0,0,4
2024-12-20,16270,16277.0,-7.0,-0.043005467838053146,5,0,0,1,0,0,4
2024-12-23,16159,16270.0,-111.0,-0.6822372464658888,8,1,0,1,0,0,6
2024-12-24,16208,16159.0,49.0,0.30323658642241735,1,0,0,1,0,0,0
2024-12-27,16251,16208.0,43.0,0.2653010858835181,2,0,0,0,0,0,2
2024-12-30,16162,16251.0,-89.0,-0.5476586056242683,0,0,0,0,0,0,0
2024-12-31,16157,16162.0,-5.0,-0.030936765251821097,1,0,0,0,1,0,0
2025-01-02,16236,16157.0,79.0,0.4889521569598321,3,1,1,1,0,0,0
2025-01-03,16217,16236.0,-19.0,-0.11702389751170328,0,0,0,0,0,0,0
2025-01-06,16193,16217.0,-24.0,-0.14799284701239035,2,0,0,1,0,0,1
2025-01-07,16169,16193.0,-24.0,-0.14821219045266787,5,2,0,2,0,0,2
2025-01-08,16201,16169.0,32.0,0.19790958006060677,7,1,0,1,0,0,6
2025-01-09,16238,16201.0,37.0,0.22838096413801967,11,0,0,3,0,0,9
2025-01-10,16194,16238.0,-44.0,-0.2709693311984229,1,0,0,0,0,0,1
2025-01-13,16281,16194.0,87.0,0.5372360133382825,6,2,1,1,1,0,2
2025-01-14,16265,16281.0,-16.0,-0.0982740617898159,5,0,0,0,0,0,5
2025-01-15,16311,16265.0,46.0,0.2828158622809607,10,0,0,1,0,0,9
2025-01-16,16378,16311.0,67.0,0.41076574091103435,15,3,0,1,0,0,11
2025-01-17,16373,16378.0,-5.0,-0.030528758090120345,12,0,3,3,0,0,6
2025-01-20,16372,16373.0,-1.0,-0.006107616197392751,3,0,0,3,0,0,0
2025-01-21,16331,16372.0,-41.0,-0.2504275592474903,4,0,0,4,0,0,0
2025-01-22,16327,16331.0,-4.0,-0.024493294960503675,13,2,0,12,1,0,3
2025-01-23,16276,16327.0,-51.0,-0.31236601947693954,8,3,1,5,0,0,1
2025-01-24,16200,16276.0,-76.0,-0.4669451953796977,7,2,1,2,1,0,2
2025-01-30,16259,16200.0,59.0,0.3641975308642076,16,2,0,5,0,0,9
2025-01-31,16312,16259.0,53.0,0.3259733070914539,2,0,0,1,0,0,1
2025-02-03,16453,16312.0,141.0,0.8643943109367447,30,1,0,27,0,0,4
2025-02-04,16365,16453.0,-88.0,-0.5348568650094254,44,1,0,42,0,0,4
2025-02-05,16308,16365.0,-57.0,-0.3483043079743342,16,5,0,16,1,0,1
2025-02-06,16330,16308.0,22.0,0.1349031150355673,15,2,0,13,1,0,3
2025-02-07,16325,16330.0,-5.0,-0.030618493570111482,12,2,1,9,0,0,2
2025-02-10,16350,16325.0,25.0,0.15313935681469104,12,3,0,7,0,0,4
2025-02-11,16380,16350.0,30.0,0.18348623853210455,11,0,0,11,0,0,2
2025-02-12,16364,16380.0,-16.0,-0.09768009768009733,18,3,1,12,1,0,7
2025-02-13,16365,16364.0,1.0,0.006110975311668376,22,4,0,7,0,0,13
2025-02-14,16285,16365.0,-80.0,-0.48884815154293104,19,1,0,14,0,0,5
2025-02-17,16208,16285.0,-77.0,-0.47282775560331114,8,3,0,3,0,0,3
2025-02-18,16275,16208.0,67.0,0.41337611056269097,2,0,0,1,0,0,1
2025-02-19,16357,16275.0,82.0,0.5038402457757218,10,1,0,7,1,0,1
2025-02-20,16344,16357.0,-13.0,-0.07947667665220148,9,1,0,8,0,0,1
2025-02-21,16300,16344.0,-44.0,-0.2692119432207485,7,1,0,3,1,0,3
2025-02-24,16303,16300.0,3.0,0.018404907975466678,10,2,0,4,1,0,5
2025-02-25,16316,16303.0,13.0,0.07973992516714379,6,0,0,6,0,0,0
2025-02-26,16387,16316.0,71.0,0.4351556754106367,1,0,0,1,0,0,0
2025-02-27,16431,16387.0,44.0,0.2685055226704147,10,0,1,6,0,0,3
2025-02-28,16575,16431.0,144.0,0.8763921855030166,8,0,0,8,0,0,0
2025-03-03,16506,16575.0,-69.0,-0.4162895927601773,14,0,0,12,0,0,4
2025-03-04,16443,16506.0,-63.0,-0.3816793893129722,20,2,0,18,0,0,3
2025-03-05,16371,16443.0,-72.0,-0.4378762999452612,30,6,0,28,0,0,4
2025-03-06,16315,16371.0,-56.0,-0.3420682914910489,19,4,0,18,0,0,0
2025-03-07,16336,16315.0,21.0,0.12871590560834534,12,0,0,12,0,0,0
2025-03-10,16326,16336.0,-10.0,-0.06121449559255421,10,2,1,5,0,0,5
2025-03-11,16430,16326.0,104.0,0.6370207031728636,16,1,0,10,2,0,3
2025-03-12,16453,16430.0,23.0,0.1399878271454602,24,5,0,15,1,0,5
2025-03-13,16428,16453.0,-25.0,-0.15194797301404384,20,4,0,13,0,0,8
2025-03-14,16392,16428.0,-36.0,-0.21913805697589828,17,4,0,12,0,0,3
2025-03-17,16379,16392.0,-13.0,-0.07930697901414874,18,6,0,10,0,0,7
2025-03-18,16432,16379.0,53.0,0.3235850784541139,3,0,0,3,0,0,0
2025-03-19,16528,16432.0,96.0,0.5842259006815897,3,1,0,2,0,0,1
2025-03-20,16481,16528.0,-47.0,-0.28436592449176956,12,0,0,7,0,0,7
2025-03-21,16501,16481.0,20.0,0.12135185971724471,10,1,0,6,0,0,4
2025-03-24,16561,16501.0,60.0,0.36361432640446,14,0,0,10,0,1,4
2025-03-25,16622,16561.0,61.0,0.3683352454561861,13,3,0,11,0,0,1
2025-03-26,16588,16622.0,-34.0,-0.20454818914691364,6,2,0,3,0,0,1
2025-03-27,16566,16588.0,-22.0,-0.13262599469495706,17,1,0,17,0,0,0
2025-04-08,16849,16566.0,283.0,1.7083182421827825,285,23,2,266,4,1,26
2025-04-09,16943,16849.0,94.0,0.5578966110748373,29,2,0,29,1,0,1
2025-04-10,16779,16943.0,-164.0,-0.9679513663459871,43,2,0,43,1,0,2
2025-04-11,16805,16779.0,26.0,0.15495559926097524,36,5,1,33,1,0,7
2025-04-14,16773,16805.0,-32.0,-0.1904195180005952,45,5,1,43,0,0,4
2025-04-15,16815,16773.0,42.0,0.25040243248077854,33,3,0,32,2,0,2
2025-04-16,16845,16815.0,30.0,0.1784121320249854,12,1,0,10,0,0,3
2025-04-17,16833,16845.0,-12.0,-0.07123775601068916,29,4,0,27,0,0,5
2025-04-21,16808,16833.0,-25.0,-0.14851779243153507,34,3,1,25,0,0,9
2025-04-22,16862,16808.0,54.0,0.32127558305568016,9,1,0,8,0,0,1
2025-04-23,16880,16862.0,18.0,0.10674890285848893,20,0,0,18,0,0,3
2025-04-24,16884,16880.0,4.0,0.023696682464446894,13,3,0,13,0,0,0
2025-04-25,16829,16884.0,-55.0,-0.3257521914238337,22,3,0,22,0,0,1
2025-04-28,16862,16829.0,33.0,0.19609008259551253,18,4,1,16,0,0,3
2025-04-29,16787,16862.0,-75.0,-0.44478709524374827,15,2,0,14,0,0,0
2025-04-30,16679,16787.0,-108.0,-0.6433549770655911,25,0,0,23,0,0,2
2025-05-02,16493,16679.0,-186.0,-1.1151747706697024,31,3,0,26,0,0,3
2025-05-05,16421,16493.0,-72.0,-0.43654883890135165,20,3,0,16,2,0,2
2025-05-06,16472,16421.0,51.0,0.31057791851896166,11,1,0,11,0,0,0
2025-05-07,16533,16472.0,61.0,0.37032540067993835,20,4,0,14,0,0,3
2025-05-08,16497,16533.0,-36.0,-0.21774632553075435,18,2,0,13,0,0,4
2025-05-09,16532,16497.0,35.0,0.2121597866278746,11,2,0,9,1,0,1
2025-05-14,16568,16532.0,36.0,0.21775949673361605,55,6,2,39,1,0,13
2025-05-15,16535,16568.0,-33.0,-0.19917914051182928,6,0,1,4,0,0,1
2025-05-16,16424,16535.0,-111.0,-0.6713032960387055,7,2,0,4,0,0,2
2025-05-19,16455,16424.0,31.0,0.18874817340477357,12,4,0,8,0,0,3
2025-05-20,16406,16455.0,-49.0,-0.2977818292312362,7,0,0,5,0,0,2
2025-05-21,16413,16406.0,7.0,0.042667316835309776,16,4,0,10,0,0,3
2025-05-22,16313,16413.0,-100.0,-0.6092731371473814,3,1,0,2,0,0,0
2025-05-23,16289,16313.0,-24.0,-0.1471219272972446,12,0,0,11,0,0,1
2025-05-26,16207,16289.0,-82.0,-0.5034072073178186,21,5,0,18,0,0,1
2025-05-27,16255,16207.0,48.0,0.29616832232985946,9,0,0,9,0,0,0
2025-05-28,16300,16255.0,45.0,0.2768378960319895,3,0,0,2,0,0,1
2025-06-02,16297,16300.0,-3.0,-0.018404907975455576,48,2,0,41,3,0,5
2025-06-03,16288,16297.0,-9.0,-0.05522488801620318,12,2,0,8,1,0,2
2025-06-04,16305,16288.0,17.0,0.104371316306473,10,0,0,8,0,0,3
2025-06-05,16277,16305.0,-28.0,-0.17172646427475735,6,2,0,4,0,0,1
2025-06-10,16276,16277.0,-1.0,-0.006143638262579021,18,1,0,13,0,0,7
2025-06-11,16265,16276.0,-11.0,-0.06758417301547803,7,2,0,3,0,0,2
2025-06-12,16237,16265.0,-28.0,-0.17214878573624803,19,1,0,10,0,0,10
2025-06-13,16293,16237.0,56.0,0.34489129765351567,20,7,0,8,2,0,6
2025-06-16,16296,16293.0,3.0,0.01841281531946848,17,15,0,2,1,0,0
2025-06-17,16281,16296.0,-15.0,-0.09204712812960203,11,10,0,0,0,0,1
2025-06-18,16319,16281.0,38.0,0.23340089675081277,15,7,0,5,1,0,5
2025-06-19,16378,16319.0,59.0,0.3615417611373184,16,11,0,0,0,0,7
2025-06-20,16399,16378.0,21.0,0.12822078397851655,6,4,0,0,0,0,2
2025-06-23,16484,16399.0,85.0,0.5183242880663519,12,10,0,1,0,0,1
2025-06-24,16370,16484.0,-114.0,-0.6915797136617274,18,16,0,0,0,0,2
2025-06-25,16292,16370.0,-78.0,-0.4764813683567515,11,7,0,1,0,0,3
2025-06-26,16233,16292.0,-59.0,-0.3621409280628485,8,4,0,3,1,0,1
2025-06-30,16231,16233.0,-2.0,-0.012320581531444219,17,6,1,8,1,0,3
2025-07-01,16192,16231.0,-39.0,-0.24028094387283927,5,1,0,3,0,0,1
2025-07-02,16236,16192.0,44.0,0.27173913043478937,7,1,0,4,0,0,2
2025-07-03,16209,16236.0,-27.0,-0.1662971175166339,2,0,0,2,0,0,0
2025-07-04,16204,16209.0,-5.0,-0.03084706027515205,6,0,0,6,0,0,0
2025-07-07,16237,16204.0,33.0,0.2036534189089112,7,0,0,6,1,0,1
2025-07-08,16238,16237.0,1.0,0.006158773172382226,15,0,0,14,0,0,1
2025-07-09,16254,16238.0,16.0,0.09853430225397197,15,0,0,14,0,0,5
2025-07-10,16220,16254.0,-34.0,-0.20917927894672506,13,1,0,9,1,0,2
2025-07-11,16221,16220.0,1.0,0.006165228113430565,19,2,0,16,2,0,2
2025-07-14,16247,16221.0,26.0,0.16028604894888776,25,3,0,19,0,0,5
2025-07-15,16281,16247.0,34.0,0.2092694035821907,16,2,0,13,0,0,5
2025-07-16,16288,16281.0,7.0,0.04299490203305556,13,2,0,8,1,0,7
2025-07-17,16329,16288.0,41.0,0.2517190569744532,7,0,0,5,0,0,3
2025-07-18,16301,16329.0,-28.0,-0.1714740645477386,7,1,0,5,0,0,2
2025-07-21,16330,16301.0,29.0,0.1779031961229416,15,0,1,14,0,0,1
2025-07-22,16307,16330.0,-23.0,-0.14084507042253502,10,2,0,8,0,0,1
2025-07-23,16298,16307.0,-9.0,-0.055191022260381306,12,1,0,9,0,0,2
2025-07-24,16283,16298.0,-15.0,-0.09203583261749859,9,0,0,6,0,0,4
2025-07-25,16325,16283.0,42.0,0.2579377264631866,12,0,0,10,0,0,2
2025-07-28,16341,16325.0,16.0,0.09800918836140315,12,2,0,10,0,0,3
2025-07-29,16399,16341.0,58.0,0.35493543846765174,10,1,0,8,0,0,2
2025-07-30,16387,16399.0,-12.0,-0.07317519360936497,19,1,0,15,0,0,4
2025-07-31,16459,16387.0,72.0,0.43937267346068065,18,0,1,15,0,0,4
2025-08-01,16494,16459.0,35.0,0.21264961419285022,18,0,0,15,0,0,3
2025-08-04,16388,16494.0,-106.0,-0.6426579362192264,10,2,0,7,1,0,1
2025-08-05,16388,16388.0,0.0,0.0,9,0,0,8,0,0,1
2025-08-06,16379,16388.0,-9.0,-0.0549182328533071,14,2,0,13,0,0,0
2025-08-07,16312,16379.0,-67.0,-0.40906038219671315,14,0,0,14,0,0,0
2025-08-08,16299,16312.0,-13.0,-0.07969592937714376,20,3,0,14,0,0,3
2025-08-11,16253,16299.0,-46.0,-0.2822259034296559,9,0,0,6,0,0,3
2025-08-12,16298,16253.0,45.0,0.2768719620993121,10,0,0,6,0,0,4
2025-08-13,16237,16298.0,-61.0,-0.37427905264449945,17,1,1,6,1,0,14
2025-08-14,16109,16237.0,-128.0,-0.7883229660651581,12,1,1,7,0,0,8
2025-08-15,16162,16109.0,53.0,0.32900862871687586,11,2,0,4,0,0,6
2025-08-19,16241,16162.0,79.0,0.4888008909788466,10,4,0,5,0,0,1
2025-08-20,16291,16241.0,50.0,0.3078628163290409,8,2,0,5,1,0,1
2025-08-21,16283,16291.0,-8.0,-0.04910686882327875,6,0,0,5,0,0,3
2025-08-22,16340,16283.0,57.0,0.3500583430571691,10,0,0,8,0,0,2
2025-08-25,16255,16340.0,-85.0,-0.5201958384332905,13,1,0,5,0,0,7
2025-08-26,16277,16255.0,22.0,0.1353429713934151,5,0,0,4,0,0,1
2025-08-27,16355,16277.0,78.0,0.47920378448116363,4,2,0,3,0,0,0
2025-08-28,16356,16355.0,1.0,0.0061143381228978555,4,0,0,2,0,0,2
2025-08-29,16461,16356.0,105.0,0.6419662509171031,9,0,0,7,0,0,2
2025-09-01,16463,16461.0,2.0,0.012149930137894671,17,3,0,6,0,0,10
2025-09-02,16418,16463.0,-45.0,-0.2733402174573296,5,1,0,4,0,0,0
2025-09-03,16424,16418.0,6.0,0.03654525520770946,16,5,0,9,0,0,2
2025-09-04,16438,16424.0,14.0,0.08524111056988914,5,0,0,2,0,0,3
2025-09-08,16348,16438.0,-90.0,-0.5475118627570219,16,2,0,10,0,0,4
2025-09-09,16462,16348.0,114.0,0.6973330070956685,6,0,0,4,0,0,2
2025-09-10,16457,16462.0,-5.0,-0.030372980196813337,13,2,1,3,0,1,7
2025-09-11,16468,16457.0,11.0,0.06684085799355532,11,0,0,2,0,0,9
2025-09-12,16391,16468.0,-77.0,-0.4675734758319172,15,2,0,3,0,0,12
2025-09-15,16405,16391.0,14.0,0.08541272649624787,9,1,1,5,0,0,4
2025-09-16,16385,16405.0,-20.0,-0.12191405059432947,5,0,0,2,0,0,4
2025-09-17,16430,16385.0,45.0,0.27464144034177185,8,1,0,2,0,0,5
2025-09-18,16498,16430.0,68.0,0.4138770541691983,8,1,0,2,0,0,7
2025-09-19,16578,16498.0,80.0,0.48490726148624486,5,1,0,0,0,0,4
2025-09-22,16607,16578.0,29.0,0.17493063095668226,10,2,0,4,0,0,7
2025-09-23,16636,16607.0,29.0,0.17462515806587753,7,0,0,2,0,0,5
2025-09-24,16680,16636.0,44.0,0.2644866554460279,4,0,0,0,0,0,4
2025-09-25,16752,16680.0,72.0,0.4316546762589857,1,0,0,1,0,0,0
2025-09-26,16775,16752.0,23.0,0.13729703915950076,14,1,0,9,0,0,5
2025-09-29,16680,16775.0,-95.0,-0.5663189269746627,8,0,0,4,0,0,5
2025-09-30,16692,16680.0,12.0,0.07194244604316058,6,1,0,2,0,0,3
2025-10-01,16680,16692.0,-12.0,-0.07189072609633529,6,0,0,3,0,0,3
2025-10-02,16612,16680.0,-68.0,-0.4076738609112729,3,0,0,2,0,0,1
2025-10-03,16611,16612.0,-1.0,-0.006019744762819634,4,3,0,2,0,0,1
2025-10-06,16598,16611.0,-13.0,-0.078261393052792,3,1,0,2,0,0,0
2025-10-07,16560,16598.0,-38.0,-0.22894324617424022,3,0,0,2,0,1,0
2025-10-08,16606,16560.0,46.0,0.2777777777777768,3,0,0,2,0,0,1
2025-10-09,16534,16606.0,-72.0,-0.4335782247380515,2,0,0,1,0,0,1
2025-10-10,16585,16534.0,51.0,0.30845530422161094,5,2,0,3,0,0,0
2025-10-13,16580,16585.0,-5.0,-0.030147723846851715,14,3,0,9,1,0,2
2025-10-14,16577,16580.0,-3.0,-0.01809408926417566,7,5,0,4,0,0,0
2025-10-15,16577,16577.0,0.0,0.0,7,2,1,3,1,0,3
2025-10-16,16580,16577.0,3.0,0.018097363817326517,7,3,1,4,1,0,1
2025-10-17,16590,16580.0,10.0,0.060313630880570734,7,2,0,4,0,0,1
2025-10-20,16585,16590.0,-5.0,-0.030138637733578832,5,1,0,2,0,0,2
2025-10-21,16589,16585.0,4.0,0.024118179077481372,2,1,0,0,0,0,1
2025-10-22,16617,16589.0,28.0,0.16878654530110282,4,1,0,1,0,0,2
2025-10-23,16645,16617.0,28.0,0.16850213636636635,6,1,2,3,0,0,1
2025-10-24,16630,16645.0,-15.0,-0.090117152297986,10,0,2,1,0,0,7
2025-10-27,16628,16630.0,-2.0,-0.012026458208058699,14,1,0,6,0,0,9
2025-10-28,16622,16628.0,-6.0,-0.03608371421698342,6,2,0,2,0,0,4
2025-10-29,16631,16622.0,9.0,0.054145108891834326,8,0,0,4,0,0,4
2025-10-30,16640,16631.0,9.0,0.054115807828747364,8,2,0,2,0,0,5
2025-10-31,16625,16640.0,-15.0,-0.09014423076922906,6,1,0,2,0,0,3
2025-11-03,16664,16625.0,39.0,0.23458646616540957,7,0,0,4,1,0,5
2025-11-04,16724,16664.0,60.0,0.3600576092174679,3,1,0,2,0,0,0
2025-11-05,16729,16724.0,5.0,0.029897153790958697,3,0,0,3,0,0,0
2025-11-06,16707,16729.0,-22.0,-0.13150815948352879,12,1,0,10,0,0,1
2025-11-07,16704,16707.0,-3.0,-0.017956545160713322,3,0,0,2,0,0,1
2025-11-10,16666,16704.0,-38.0,-0.22749042145593368,2,0,0,1,0,0,1
2025-11-11,16698,16666.0,32.0,0.1920076803072046,3,1,0,2,0,0,1
2025-11-12,16722,16698.0,24.0,0.14372978799856995,7,1,0,5,0,0,1
2025-11-13,16732,16722.0,10.0,0.059801459155606196,5,0,0,1,0,0,4
2025-11-14,16710,16732.0,-22.0,-0.13148458044465183,2,1,0,1,0,0,1
2025-11-17,16734,16710.0,24.0,0.1436265709156226,5,1,0,4,0,0,0
2025-11-18,16760,16734.0,26.0,0.15537229592446078,2,0,0,2,0,0,0
2025-11-19,16732,16760.0,-28.0,-0.16706443914080715,2,0,0,0,0,0,2
2025-11-20,16742,16732.0,10.0,0.05976571838393063,2,0,0,1,0,0,1
2025-11-21,16719,16742.0,-23.0,-0.13737904670887424,1,0,0,0,0,0,1
2025-11-24,16709,16719.0,-10.0,-0.059812189724262055,5,1,0,1,0,0,4
2025-11-25,16667,16709.0,-42.0,-0.2513615416841253,0,0,0,0,0,0,0
2025-11-26,16673,16667.0,6.0,0.03599928001440933,1,0,0,0,0,0,1
2025-11-27,16644,16673.0,-29.0,-0.17393390511605267,0,0,0,0,0,0,0
2025-11-28,16661,16644.0,17.0,0.10213890891612731,2,0,1,0,0,0,1
2025-12-01,16668,16661.0,7.0,0.04201428485686165,2,1,0,1,0,0,1
2025-12-02,16632,16668.0,-36.0,-0.2159827213822907,4,0,0,3,0,0,1
2025-12-03,16632,16632.0,0.0,0.0,4,1,0,2,0,0,1
2025-12-04,16646,16632.0,14.0,0.08417508417508657,7,1,0,5,0,1,0
2025-12-05,16655,16646.0,9.0,0.05406704313348776,5,1,0,1,0,0,3
2025-12-08,16688,16655.0,33.0,0.19813869708795728,3,1,0,1,0,0,2
2025-12-09,16677,16688.0,-11.0,-0.06591562799616035,3,1,0,1,0,0,2
2025-12-10,16688,16677.0,11.0,0.06595910535467375,5,1,0,0,0,0,4
2025-12-11,16668,16688.0,-20.0,-0.11984659635666528,8,0,0,2,0,0,6
2025-12-12,16652,16668.0,-16.0,-0.09599232061434648,3,1,0,0,0,0,2
2025-12-15,16669,16652.0,17.0,0.10208983905837243,5,1,0,1,0,0,3
2025-12-16,16693,16669.0,24.0,0.14397984282199516,5,3,0,2,0,0,0
2025-12-17,16698,16693.0,5.0,0.029952674773858767,4,0,0,2,0,0,2
2025-12-18,16722,16698.0,24.0,0.14372978799856995,6,0,0,1,1,0,5
2025-12-19,16735,16722.0,13.0,0.07774189690228361,12,2,0,2,0,0,9
2025-12-22,16773,16735.0,38.0,0.22706901703017923,3,1,0,0,1,0,2
2025-12-23,16790,16773.0,17.0,0.10135336552792307,2,0,0,1,0,0,1
2025-12-24,16767,16790.0,-23.0,-0.136986301369868,4,0,0,2,0,0,2
2025-12-29,16788,16767.0,21.0,0.12524601896581888,4,1,0,3,0,0,0
2025-12-30,16782,16788.0,-6.0,-0.03573981415296856,1,0,0,0,0,0,1
2025-12-31,16720,16782.0,-62.0,-0.3694434513168865,3,1,1,0,0,0,1
2026-01-02,16725,16720.0,5.0,0.029904306220096544,2,1,0,2,0,0,0
2026-01-05,16748,16725.0,23.0,0.13751868460387673,5,2,0,2,0,0,1
2026-01-06,16762,16748.0,14.0,0.08359207069501551,7,6,0,0,0,1,1
2026-01-07,16785,16762.0,23.0,0.13721512945950032,4,3,0,1,0,0,0
2026-01-08,16801,16785.0,16.0,0.09532320524276994,5,2,1,0,0,0,2
2026-01-09,16834,16801.0,33.0,0.19641687994762513,9,3,0,4,0,0,2
2026-01-12,16853,16834.0,19.0,0.11286681715576563,7,4,0,2,1,0,0
2026-01-13,16875,16853.0,22.0,0.1305405565774631,6,1,0,2,0,0,3
2026-01-14,16871,16875.0,-4.0,-0.02370370370370356,8,0,0,2,1,0,5
2026-01-15,16880,16871.0,9.0,0.05334597830597421,8,2,0,2,0,0,4
2026-01-19,16935,16880.0,55.0,0.3258293838862558,14,2,0,8,0,0,4
2026-01-20,16981,16935.0,46.0,0.27162680838499487,12,2,0,12,0,0,0
2026-01-21,16963,16981.0,-18.0,-0.10600082445085812,18,4,0,11,2,0,3
2026-01-22,16902,16963.0,-61.0,-0.3596062017331869,12,0,0,9,1,0,2
2026-01-23,16838,16902.0,-64.0,-0.37865341379718087,7,0,0,4,0,0,3
2026-01-26,16779,16838.0,-59.0,-0.3503979094904408,4,1,0,3,0,0,0
2026-01-27,16801,16779.0,22.0,0.13111627629776024,10,0,0,6,1,0,3
2026-01-28,16723,16801.0,-78.0,-0.4642580798762008,7,0,0,2,0,1,4
2026-01-29,16786,16723.0,63.0,0.37672666387609244,5,2,0,0,0,0,3
2026-01-30,16796,16786.0,10.0,0.05957345406886194,5,1,0,4,0,0,0
2026-02-02,16800,16796.0,4.0,0.0238151940938236,6,0,0,0,0,0,6
2026-02-03,16777,16800.0,-23.0,-0.13690476190476586,5,0,0,2,0,0,3
2026-02-04,16775,16777.0,-2.0,-0.011921082434285246,2,2,0,1,0,0,0
2026-02-05,16826,16775.0,51.0,0.3040238450074506,2,1,0,0,0,0,1
2026-02-06,16887,16826.0,61.0,0.36253417330323057,5,2,0,2,0,0,2
2026-02-09,16838,16887.0,-49.0,-0.2901640315035259,2,0,0,1,0,0,1
2026-02-10,16799,16838.0,-39.0,-0.23161895712079383,0,0,0,0,0,0,0
2026-02-11,16781,16799.0,-18.0,-0.10714923507351148,5,0,0,1,0,1,3
2026-02-12,16826,16781.0,45.0,0.2681604195220677,5,0,0,5,0,0,0
2026-02-13,16844,16826.0,18.0,0.10697729704030046,10,0,0,6,0,0,4
2026-02-18,16884,16844.0,40.0,0.23747328425551828,15,2,0,2,2,0,9
2026-02-19,16925,16884.0,41.0,0.2428334517886821,3,1,0,1,1,0,2
2026-02-20,16885,16925.0,-40.0,-0.23633677991137247,10,1,0,7,1,0,1
2026-02-23,16818,16885.0,-67.0,-0.3968018951732266,33,3,0,29,0,0,1
2026-02-24,16830,16818.0,12.0,0.07135212272564306,17,2,0,14,1,0,0
2026-02-25,16813,16830.0,-17.0,-0.10101010101010166,5,0,0,4,0,0,1
2026-02-26,16758,16813.0,-55.0,-0.3271278177600645,2,1,0,1,0,0,0
2026-02-27,16779,16758.0,21.0,0.12531328320801727,6,4,0,1,0,0,1
2026-03-02,16848,16779.0,69.0,0.4112283211156864,13,12,0,1,2,0,0
2026-03-03,16870,16848.0,22.0,0.13057929724595851,19,19,0,0,3,0,1
2026-03-04,16911,16870.0,41.0,0.2430349733254289,24,22,0,1,4,0,3
2026-03-05,16886,16911.0,-25.0,-0.14783277156880104,18,15,0,2,1,1,0
2026-03-06,16919,16886.0,33.0,0.19542816534408036,25,24,0,1,1,0,1
2026-03-09,16974,16919.0,55.0,0.32507831432118106,32,25,0,3,6,0,3
2026-03-10,16879,16974.0,-95.0,-0.5596795098385732,21,18,0,1,5,0,1
2026-03-11,16867,16879.0,-12.0,-0.07109425913857104,19,17,0,1,3,0,2
2026-03-12,16899,16867.0,32.0,0.18971957075946122,22,16,0,2,3,0,7
2026-03-13,16934,16899.0,35.0,0.20711284691401488,23,18,0,3,0,0,4
2026-03-16,16990,16934.0,56.0,0.33069564190386647,31,26,0,2,3,0,1
2026-03-17,16982,16990.0,-8.0,-0.04708652148323056,12,11,0,0,0,0,2
2026-03-25,16905,16982.0,-77.0,-0.453421269579557,107,80,1,5,8,0,31
2026-03-26,16903,16905.0,-2.0,-0.011830819284230909,18,17,0,1,2,0,1
2026-03-27,16957,16903.0,54.0,0.3194699165828485,21,18,0,1,2,0,7
2026-03-30,16993,16957.0,36.0,0.21230170431090212,22,20,0,0,4,0,4
2026-03-31,16999,16993.0,6.0,0.0353086565056282,14,10,0,0,0,0,4
2026-04-01,17002,16999.0,3.0,0.017648096946887293,22,20,0,0,0,0,4
2026-04-02,17015,17002.0,13.0,0.07646159275378483,16,16,0,0,2,0,0
2026-04-06,17037,17015.0,22.0,0.12929767851894702,20,16,0,2,2,0,1
2026-04-07,17092,17037.0,55.0,0.3228267887538827,7,7,0,0,0,0,0
2026-04-08,17009,17092.0,-83.0,-0.4856073016615947,22,21,0,0,3,0,2
2026-04-09,17082,17009.0,73.0,0.42918454935623185,28,28,0,2,1,0,2
2026-04-10,17112,17082.0,30.0,0.17562346329469403,16,13,0,0,0,0,4
2026-04-13,17122,17112.0,10.0,0.058438522674153504,25,22,0,1,2,0,5
2026-04-14,17135,17122.0,13.0,0.07592570961336698,13,11,0,1,1,0,1
2026-04-15,17141,17135.0,6.0,0.035016049022473794,11,11,0,0,0,0,1
2026-04-16,17142,17141.0,1.0,0.005833965346235814,18,16,0,1,0,0,2
2026-04-17,17189,17142.0,47.0,0.27418037568545106,15,14,0,0,1,0,1
2026-04-20,17176,17189.0,-13.0,-0.07562976322066373,14,14,0,0,1,0,2
2026-04-21,17142,17176.0,-34.0,-0.1979506287843491,12,11,0,1,1,0,0
2026-04-22,17179,17142.0,37.0,0.2158441255396104,18,15,0,4,0,0,1
2026-04-23,17308,17179.0,129.0,0.7509168170440672,16,14,0,0,0,0,2
2026-04-24,17278,17308.0,-30.0,-0.17333025190663376,13,12,0,0,1,0,1
2026-04-27,17227,17278.0,-51.0,-0.29517305243662584,13,10,0,2,0,0,2
2026-04-28,17245,17227.0,18.0,0.10448714227666578,8,5,0,1,2,0,1
2026-04-29,17324,17245.0,79.0,0.45810379820236946,17,7,1,0,6,0,4
2026-04-30,17378,17324.0,54.0,0.3117063033941436,15,8,0,1,3,0,5
2026-05-04,17368,17378.0,-10.0,-0.0575440211762035,26,18,0,5,1,0,4
2026-05-05,17425,17368.0,57.0,0.32818977429756035,8,7,0,0,0,0,1
2026-05-06,17405,17425.0,-20.0,-0.11477761836441447,11,10,0,0,0,0,1
2026-05-07,17362,17405.0,-43.0,-0.2470554438379735,7,5,0,1,0,0,1
2026-05-08,17375,17362.0,13.0,0.07487616634027638,17,12,0,4,0,0,1
2026-05-11,17415,17375.0,40.0,0.23021582733813162,13,10,1,1,0,0,3
2026-05-12,17514,17415.0,99.0,0.568475452196382,13,8,0,1,1,0,3
2026-05-13,17496,17514.0,-18.0,-0.10277492291880241,13,4,0,2,0,0,8
2026-05-18,17666,17496.0,170.0,0.971650663008683,34,11,2,2,3,0,18
2026-05-19,17719,17666.0,53.0,0.30001132118193663,7,6,0,0,0,0,2
2026-05-20,17685,17719.0,-34.0,-0.19188441785653598,13,10,1,1,0,0,2
2026-05-21,17673,17685.0,-12.0,-0.06785411365564098,8,6,0,1,0,0,2
2026-05-22,17717,17673.0,44.0,0.24896735132688974,5,4,0,0,0,0,1
2026-05-25,17743,17717.0,26.0,0.1467517073996616,13,7,0,1,0,0,6
2026-05-26,17789,17743.0,46.0,0.2592571718424086,1,0,0,1,0,0,0
2026-05-29,17883,17789.0,94.0,0.5284164371240685,26,18,0,0,0,0,11
2026-06-02,17863,17883.0,-20.0,-0.11183805849130923,21,18,0,1,0,0,4
2026-06-03,17931,17863.0,68.0,0.3806751385545537,9,5,0,1,0,1,3
2026-06-04,18039,17931.0,108.0,0.6023088505939356,4,4,0,1,0,0,0
2026-06-05,18039,18039.0,0.0,0.0,4,3,0,0,1,0,1
2026-06-08,18171,18039.0,132.0,0.7317478795942023,8,6,0,0,0,0,3
2026-06-09,18141,18171.0,-30.0,-0.1650982334489015,8,7,0,0,0,0,1
2026-06-10,17971,18141.0,-170.0,-0.9371037980265728,7,4,0,1,0,0,4
2026-06-11,17981,17971.0,10.0,0.055645206165477745,12,6,0,1,0,0,10
2026-06-12,17921,17981.0,-60.0,-0.3336855569768038,7,5,0,0,0,0,3
2026-06-15,17719,17921.0,-202.0,-1.1271692427877955,7,3,3,1,0,0,1
2026-06-17,17753,17719.0,34.0,0.19188441785653598,15,7,0,0,1,0,7
2026-06-18,17826,17753.0,73.0,0.4111981073621429,7,3,0,0,0,0,4
2026-06-19,17826,17826.0,0.0,0.0,9,4,0,0,2,0,4
2026-06-22,17819,17826.0,-7.0,-0.03926848423650986,7,4,0,1,0,0,2
2026-06-23,17868,17819.0,49.0,0.27498737302877885,8,2,1,0,1,0,4
2026-06-24,17955,17868.0,87.0,0.4869039623908611,6,4,1,1,0,0,1
2026-06-25,17942,17955.0,-13.0,-0.07240323029796825,5,3,0,0,0,0,2
2026-06-26,17962,17942.0,20.0,0.11147029316687096,8,3,0,0,1,0,4
2026-06-29,17856,17962.0,-106.0,-0.5901347288720604,10,6,0,1,0,0,4
2026-06-30,17899,17856.0,43.0,0.24081541218639035,2,1,0,0,0,0,1
2026-07-01,17961,17899.0,62.0,0.34638806637241615,5,2,0,1,0,0,3
2026-07-02,17994,17961.0,33.0,0.18373141807248583,5,1,0,0,0,0,4
2026-07-03,17960,17994.0,-34.0,-0.18895187284649895,2,1,0,1,0,0,0
2026-07-06,17999,17960.0,39.0,0.2171492204899872,4,2,1,0,0,0,1
2026-07-07,17988,17999.0,-11.0,-0.06111450636145932,1,1,0,0,0,0,0
2026-07-08,18005,17988.0,17.0,0.09450744941070788,3,3,0,0,0,0,0
2026-07-09,18090,18005.0,85.0,0.47209108580950065,14,11,0,0,0,0,3
2026-07-10,18069,18090.0,-21.0,-0.11608623548922115,7,4,0,1,0,0,2
2026-07-13,18131,18069.0,62.0,0.3431291161658079,6,3,1,0,0,0,3
2026-07-14,18099,18131.0,-32.0,-0.17649329877006403,11,5,0,1,1,0,6
2026-07-15,18064,18099.0,-35.0,-0.1933808497707079,10,2,0,0,0,0,8
2026-07-16,18041,18064.0,-23.0,-0.1273250664304726,14,3,0,1,0,0,10
2026-07-17,17944,18041.0,-97.0,-0.5376642093010364,2,0,0,0,0,0,2
2026-07-20,17976,17944.0,32.0,0.178332590280883,8,6,0,1,0,0,1
2026-07-21,17909,17976.0,-67.0,-0.3727191811303987,9,7,1,2,0,0,1
2026-07-22,17909,17909.0,0.0,0.0,11,7,1,4,0,0,1
2026-07-23,17915,17909.0,6.0,0.03350270813557987,7,4,0,2,0,0,1
2026-07-24,17973,17915.0,58.0,0.3237510466089777,16,6,0,6,0,0,5
2026-07-27,17995,17973.0,22.0,0.12240583096867486,11,4,0,4,0,0,3
2026-07-28,18088,17995.0,93.0,0.516810225062514,5,2,0,1,0,0,2
2026-07-29,18087,18088.0,-1.0,-0.0055285272003491315,10,6,1,2,0,0,2
2026-07-30,18078,18087.0,-9.0,-0.04975949577044059,7,2,0,0,0,0,5
2026-07-31,18058,18078.0,-20.0,-0.11063170704723735,11,3,1,4,0,0,5
2026-08-03,17991,18058.0,-67.0,-0.37102669177095926,14,9,0,0,1,0,5
2026-08-04,18037,17991.0,46.0,0.25568339725419165,8,5,0,1,1,0,2
2026-08-05,17937,18037.0,-100.0,-0.554415922825302,4,1,0,0,0,0,3
2026-08-06,17919,17937.0,-18.0,-0.10035122930256435,8,3,0,2,0,0,3
2026-08-07,17913,17919.0,-6.0,-0.033484011384565804,4,2,0,1,0,0,2
2026-08-10,17795,17913.0,-118.0,-0.6587394629598564,8,5,1,1,0,0,2
2026-08-11,17824,17795.0,29.0,0.16296712559706883,9,2,0,2,0,0,5
2026-08-12,17876,17824.0,52.0,0.2917414721723466,7,3,0,0,0,0,4
2026-08-13,17882,17876.0,6.0,0.03356455582903539,15,2,0,0,1,0,13
2026-08-14,17836,17882.0,-46.0,-0.25724191924840767,8,5,1,2,0,0,2
2026-08-18,17856,17836.0,20.0,0.11213276519399518,15,12,0,1,0,0,3
2026-08-19,17844,17856.0,-12.0,-0.06720430107527431,8,5,0,3,0,0,0
2026-08-20,17779,17844.0,-65.0,-0.3642681013225735,6,2,0,2,0,0,2
2026-08-21,17705,17779.0,-74.0,-0.4162213847797913,5,4,0,0,0,0,1
2026-08-24,17703,17705.0,-2.0,-0.011296243998870636,12,5,3,3,1,0,2
2026-08-26,17717,17703.0,14.0,0.07908264136022858,16,11,2,6,0,0,2
2026-08-27,17762,17717.0,45.0,0.25399333973019633,6,2,0,0,0,0,4
2026-08-28,17703,17762.0,-59.0,-0.3321698006981233,10,3,1,3,1,0,4
2026-08-31,17746,17703.0,43.0,0.24289668417782906,16,10,2,2,0,0,5
2026-09-01,17727,17746.0,-19.0,-0.10706638115631772,6,3,0,2,0,0,2
