month,model_id,n_days,accuracy
2022-09,B2,22,0.4090909090909091
2022-09,M4,22,0.5454545454545454
2022-10,B2,21,0.5238095238095238
2022-10,M4,21,0.47619047619047616
2022-11,B2,22,0.7272727272727273
2022-11,M4,22,0.6818181818181818
2022-12,B2,22,0.5454545454545454
2022-12,M4,22,0.5454545454545454
2023-01,B2,21,0.5714285714285714
2023-01,M4,21,0.47619047619047616
2023-02,B2,20,0.55
2023-02,M4,20,0.6
2023-03,B2,21,0.5238095238095238
2023-03,M4,21,0.5238095238095238
2023-04,B2,14,0.5
2023-04,M4,14,0.5714285714285714
2023-05,B2,21,0.6190476190476191
2023-05,M4,21,0.6190476190476191
2023-06,B2,17,0.6470588235294118
2023-06,M4,17,0.5294117647058824
2023-07,B2,20,0.5
2023-07,M4,20,0.45
2023-08,B2,22,0.6363636363636364
2023-08,M4,22,0.5
2023-09,B2,20,0.65
2023-09,M4,20,0.55
2023-10,B2,22,0.7727272727272727
2023-10,M4,22,0.5909090909090909
2023-11,B2,22,0.4090909090909091
2023-11,M4,22,0.5
2023-12,B2,19,0.5789473684210527
2023-12,M4,19,0.47368421052631576
2024-01,B2,22,0.6363636363636364
2024-01,M4,22,0.5909090909090909
2024-02,B2,18,0.5555555555555556
2024-02,M4,18,0.6111111111111112
2024-03,B2,18,0.6111111111111112
2024-03,M4,18,0.6111111111111112
2024-04,B2,16,0.4375
2024-04,M4,16,0.4375
2024-05,B2,18,0.6111111111111112
2024-05,M4,18,0.6666666666666666
2024-06,B2,18,0.5555555555555556
2024-06,M4,18,0.6666666666666666
2024-07,B2,23,0.5652173913043478
2024-07,M4,23,0.6086956521739131
2024-08,B2,22,0.3181818181818182
2024-08,M4,22,0.4090909090909091
2024-09,B2,20,0.3
2024-09,M4,20,0.45
2024-10,B2,23,0.5652173913043478
2024-10,M4,23,0.4782608695652174
2024-11,B2,20,0.65
2024-11,M4,20,0.6
2024-12,B2,20,0.8
2024-12,M4,20,0.7
2025-01,B2,19,0.47368421052631576
2025-01,M4,19,0.47368421052631576
2025-02,B2,20,0.6
2025-02,M4,20,0.55
2025-03,B2,19,0.631578947368421
2025-03,M4,19,0.47368421052631576
2025-04,B2,16,0.625
2025-04,M4,16,0.4375
2025-05,B2,17,0.47058823529411764
2025-05,M4,17,0.47058823529411764
2025-06,B2,18,0.4444444444444444
2025-06,M4,18,0.4444444444444444
2025-07,B2,23,0.6086956521739131
2025-07,M4,23,0.6086956521739131
2025-08,B2,20,0.6
2025-08,M4,20,0.6
2025-09,B2,21,0.47619047619047616
2025-09,M4,21,0.5238095238095238
2025-10,B2,23,0.43478260869565216
2025-10,M4,23,0.4782608695652174
2025-11,B2,20,0.5
2025-11,M4,20,0.45
2025-12,B2,21,0.47619047619047616
2025-12,M4,21,0.47619047619047616
2026-01,B2,20,0.7
2026-01,M4,20,0.5
2026-02,B2,18,0.5
2026-02,M4,18,0.5555555555555556
2026-03,B2,17,0.7647058823529411
2026-03,M4,17,0.5294117647058824
2026-04,B2,21,0.6666666666666666
2026-04,M4,21,0.6666666666666666
2026-05,B2,16,0.75
2026-05,M4,16,0.625
2026-06,B2,20,0.35
2026-06,M4,20,0.5
2026-07,B2,23,0.43478260869565216
2026-07,M4,23,0.43478260869565216
2026-08,B2,19,0.5263157894736842
2026-08,M4,19,0.3684210526315789
