model_id,svd_k,C,penalty,class_weight,solver,val_accuracy,val_macro_f1
B2,,0.01,l2,,lbfgs,0.5511363636363636,0.4750632385698645
B2,,0.01,l2,balanced,lbfgs,0.5284090909090909,0.5283938660209846
B2,,0.01,l1,,liblinear,0.48295454545454547,0.32567049808429116
B2,,0.01,l1,balanced,liblinear,0.48295454545454547,0.32567049808429116
B2,,0.1,l2,,lbfgs,0.5568181818181818,0.5144312393887946
B2,,0.1,l2,balanced,lbfgs,0.5397727272727273,0.5397578692493947
B2,,0.1,l1,,liblinear,0.5340909090909091,0.4630952380952381
B2,,0.1,l1,balanced,liblinear,0.5340909090909091,0.5338501291989663
B2,,1.0,l2,,lbfgs,0.5568181818181818,0.5212053571428572
B2,,1.0,l2,balanced,lbfgs,0.5340909090909091,0.5340909090909091
B2,,1.0,l1,,liblinear,0.5738636363636364,0.5380577427821522
B2,,1.0,l1,balanced,liblinear,0.5284090909090909,0.5283938660209846
B2,,10.0,l2,,lbfgs,0.5568181818181818,0.5212053571428572
B2,,10.0,l2,balanced,lbfgs,0.5284090909090909,0.5283938660209846
B2,,10.0,l1,,liblinear,0.5568181818181818,0.5212053571428572
B2,,10.0,l1,balanced,liblinear,0.5340909090909091,0.5340909090909091
M1,,0.01,l2,,lbfgs,0.5227272727272727,0.4877338877338877
M1,,0.01,l2,balanced,lbfgs,0.5227272727272727,0.5221719457013574
M1,,0.01,l1,,liblinear,0.48295454545454547,0.32567049808429116
M1,,0.01,l1,balanced,liblinear,0.48295454545454547,0.32567049808429116
M1,,0.1,l2,,lbfgs,0.5227272727272727,0.5151515151515151
M1,,0.1,l2,balanced,lbfgs,0.5113636363636364,0.5090814737934612
M1,,0.1,l1,,liblinear,0.5056818181818182,0.46414698162729656
M1,,0.1,l1,balanced,liblinear,0.48295454545454547,0.4825369131853575
M1,,1.0,l2,,lbfgs,0.5170454545454546,0.5157792523061984
M1,,1.0,l2,balanced,lbfgs,0.5170454545454546,0.5143960788132567
M1,,1.0,l1,,liblinear,0.5113636363636364,0.509781059722762
M1,,1.0,l1,balanced,liblinear,0.5340909090909091,0.5302083333333333
M1,,10.0,l2,,lbfgs,0.5170454545454546,0.5162802729007017
M1,,10.0,l2,balanced,lbfgs,0.5170454545454546,0.5143960788132567
M1,,10.0,l1,,liblinear,0.5170454545454546,0.5162802729007017
M1,,10.0,l1,balanced,liblinear,0.5170454545454546,0.5143960788132567
M2,,0.01,l2,,lbfgs,0.48863636363636365,0.43549536707056313
M2,,0.01,l2,balanced,lbfgs,0.5340909090909091,0.5340909090909091
M2,,0.01,l1,,liblinear,0.48295454545454547,0.32567049808429116
M2,,0.01,l1,balanced,liblinear,0.48295454545454547,0.32567049808429116
M2,,0.1,l2,,lbfgs,0.5056818181818182,0.4743021938407663
M2,,0.1,l2,balanced,lbfgs,0.5,0.5
M2,,0.1,l1,,liblinear,0.4943181818181818,0.45182852143482066
M2,,0.1,l1,balanced,liblinear,0.5113636363636364,0.5111111111111111
M2,,1.0,l2,,lbfgs,0.5056818181818182,0.4743021938407663
M2,,1.0,l2,balanced,lbfgs,0.5113636363636364,0.5113636363636364
M2,,1.0,l1,,liblinear,0.5056818181818182,0.4743021938407663
M2,,1.0,l1,balanced,liblinear,0.5340909090909091,0.5340307374402686
M2,,10.0,l2,,lbfgs,0.5056818181818182,0.4743021938407663
M2,,10.0,l2,balanced,lbfgs,0.5113636363636364,0.5113636363636364
M2,,10.0,l1,,liblinear,0.5056818181818182,0.4743021938407663
M2,,10.0,l1,balanced,liblinear,0.5113636363636364,0.5113636363636364
M3,10.0,0.01,l2,,lbfgs,0.5056818181818182,0.5056658595641647
M3,10.0,0.01,l2,balanced,lbfgs,0.4602272727272727,0.3865345808108604
M3,10.0,0.01,l1,,liblinear,0.48295454545454547,0.32567049808429116
M3,10.0,0.01,l1,balanced,liblinear,0.48295454545454547,0.32567049808429116
M3,10.0,0.1,l2,,lbfgs,0.4659090909090909,0.4557894736842105
M3,10.0,0.1,l2,balanced,lbfgs,0.4772727272727273,0.4032139171458057
M3,10.0,0.1,l1,,liblinear,0.4943181818181818,0.4883553813490119
M3,10.0,0.1,l1,balanced,liblinear,0.4375,0.36070445789763345
M3,10.0,1.0,l2,,lbfgs,0.4375,0.4218018914883026
M3,10.0,1.0,l2,balanced,lbfgs,0.48295454545454547,0.41236470372408734
M3,10.0,1.0,l1,,liblinear,0.4602272727272727,0.4472179059080239
M3,10.0,1.0,l1,balanced,liblinear,0.48863636363636365,0.4107142857142857
M3,10.0,10.0,l2,,lbfgs,0.4375,0.4218018914883026
M3,10.0,10.0,l2,balanced,lbfgs,0.48863636363636365,0.4213909994155465
M3,10.0,10.0,l1,,liblinear,0.4375,0.4218018914883026
M3,10.0,10.0,l1,balanced,liblinear,0.48863636363636365,0.4213909994155465
M3,20.0,0.01,l2,,lbfgs,0.5511363636363636,0.5433376030479193
M3,20.0,0.01,l2,balanced,lbfgs,0.5,0.48061703554661306
M3,20.0,0.01,l1,,liblinear,0.48295454545454547,0.32567049808429116
M3,20.0,0.01,l1,balanced,liblinear,0.48295454545454547,0.32567049808429116
M3,20.0,0.1,l2,,lbfgs,0.5113636363636364,0.5113636363636364
M3,20.0,0.1,l2,balanced,lbfgs,0.4943181818181818,0.4709359273144864
M3,20.0,0.1,l1,,liblinear,0.5284090909090909,0.526559714795009
M3,20.0,0.1,l1,balanced,liblinear,0.4772727272727273,0.45940170940170943
M3,20.0,1.0,l2,,lbfgs,0.5170454545454546,0.5170298627925747
M3,20.0,1.0,l2,balanced,lbfgs,0.5,0.47555194365434106
M3,20.0,1.0,l1,,liblinear,0.5113636363636364,0.5111111111111111
M3,20.0,1.0,l1,balanced,liblinear,0.5,0.47555194365434106
M3,20.0,10.0,l2,,lbfgs,0.5113636363636364,0.5113005295105257
M3,20.0,10.0,l2,balanced,lbfgs,0.5,0.47555194365434106
M3,20.0,10.0,l1,,liblinear,0.5170454545454546,0.5169050925178416
M3,20.0,10.0,l1,balanced,liblinear,0.5,0.47555194365434106
M3,50.0,0.01,l2,,lbfgs,0.5170454545454546,0.5086543830262423
M3,50.0,0.01,l2,balanced,lbfgs,0.5,0.4870164281928988
M3,50.0,0.01,l1,,liblinear,0.48295454545454547,0.32567049808429116
M3,50.0,0.01,l1,balanced,liblinear,0.48295454545454547,0.32567049808429116
M3,50.0,0.1,l2,,lbfgs,0.5227272727272727,0.5226656334753972
M3,50.0,0.1,l2,balanced,lbfgs,0.4943181818181818,0.48701490093335514
M3,50.0,0.1,l1,,liblinear,0.5340909090909091,0.5302083333333333
M3,50.0,0.1,l1,balanced,liblinear,0.48863636363636365,0.4733342199760606
M3,50.0,1.0,l2,,lbfgs,0.5227272727272727,0.5227272727272727
M3,50.0,1.0,l2,balanced,lbfgs,0.5,0.4920634920634921
M3,50.0,1.0,l1,,liblinear,0.5113636363636364,0.5113005295105257
M3,50.0,1.0,l1,balanced,liblinear,0.5,0.4920634920634921
M3,50.0,10.0,l2,,lbfgs,0.5227272727272727,0.5227272727272727
M3,50.0,10.0,l2,balanced,lbfgs,0.5,0.4920634920634921
M3,50.0,10.0,l1,,liblinear,0.5227272727272727,0.5227272727272727
M3,50.0,10.0,l1,balanced,liblinear,0.5,0.4920634920634921
M4,10.0,0.01,l2,,lbfgs,0.4772727272727273,0.475579738308071
M4,10.0,0.01,l2,balanced,lbfgs,0.5170454545454546,0.5054054947598109
M4,10.0,0.01,l1,,liblinear,0.48295454545454547,0.32567049808429116
M4,10.0,0.01,l1,balanced,liblinear,0.48295454545454547,0.32567049808429116
M4,10.0,0.1,l2,,lbfgs,0.48863636363636365,0.48624805396990145
M4,10.0,0.1,l2,balanced,lbfgs,0.5056818181818182,0.5037433155080214
M4,10.0,0.1,l1,,liblinear,0.48295454545454547,0.48159896423369475
M4,10.0,0.1,l1,balanced,liblinear,0.48295454545454547,0.4432509472659645
M4,10.0,1.0,l2,,lbfgs,0.48863636363636365,0.4883720930232558
M4,10.0,1.0,l2,balanced,lbfgs,0.5113636363636364,0.5082521117608837
M4,10.0,1.0,l1,,liblinear,0.4772727272727273,0.4766645119586296
M4,10.0,1.0,l1,balanced,liblinear,0.48863636363636365,0.484375
M4,10.0,10.0,l2,,lbfgs,0.5,0.49974160206718343
M4,10.0,10.0,l2,balanced,lbfgs,0.5,0.49681611435997397
M4,10.0,10.0,l1,,liblinear,0.5,0.49974160206718343
M4,10.0,10.0,l1,balanced,liblinear,0.5,0.49681611435997397
M4,20.0,0.01,l2,,lbfgs,0.5340909090909091,0.5279958137100994
M4,20.0,0.01,l2,balanced,lbfgs,0.5113636363636364,0.5036075036075036
M4,20.0,0.01,l1,,liblinear,0.48295454545454547,0.32567049808429116
M4,20.0,0.01,l1,balanced,liblinear,0.48295454545454547,0.32567049808429116
M4,20.0,0.1,l2,,lbfgs,0.5568181818181818,0.5539961013645224
M4,20.0,0.1,l2,balanced,lbfgs,0.5454545454545454,0.5439823811374531
M4,20.0,0.1,l1,,liblinear,0.5113636363636364,0.5111111111111111
M4,20.0,0.1,l1,balanced,liblinear,0.48863636363636365,0.45775708612898813
M4,20.0,1.0,l2,,lbfgs,0.5454545454545454,0.5445134575569358
M4,20.0,1.0,l2,balanced,lbfgs,0.5284090909090909,0.5258220534294153
M4,20.0,1.0,l1,,liblinear,0.5397727272727273,0.5385661110212008
M4,20.0,1.0,l1,balanced,liblinear,0.5397727272727273,0.539400988659494
M4,20.0,10.0,l2,,lbfgs,0.5397727272727273,0.539400988659494
M4,20.0,10.0,l2,balanced,lbfgs,0.5227272727272727,0.5211815001943256
M4,20.0,10.0,l1,,liblinear,0.5454545454545454,0.5449256625727215
M4,20.0,10.0,l1,balanced,liblinear,0.5284090909090909,0.526559714795009
M4,50.0,0.01,l2,,lbfgs,0.5227272727272727,0.5120792079207921
M4,50.0,0.01,l2,balanced,lbfgs,0.5056818181818182,0.4985426559685607
M4,50.0,0.01,l1,,liblinear,0.48295454545454547,0.32567049808429116
M4,50.0,0.01,l1,balanced,liblinear,0.48295454545454547,0.32567049808429116
M4,50.0,0.1,l2,,lbfgs,0.5397727272727273,0.5343459088682019
M4,50.0,0.1,l2,balanced,lbfgs,0.5113636363636364,0.5113005295105257
M4,50.0,0.1,l1,,liblinear,0.4943181818181818,0.4939097282801848
M4,50.0,0.1,l1,balanced,liblinear,0.5170454545454546,0.49715975933582063
M4,50.0,1.0,l2,,lbfgs,0.5340909090909091,0.5319148936170213
M4,50.0,1.0,l2,balanced,lbfgs,0.5511363636363636,0.5510059095165821
M4,50.0,1.0,l1,,liblinear,0.5227272727272727,0.5204981837052414
M4,50.0,1.0,l1,balanced,liblinear,0.5340909090909091,0.5335488041370395
M4,50.0,10.0,l2,,lbfgs,0.5284090909090909,0.5276619135383323
M4,50.0,10.0,l2,balanced,lbfgs,0.5511363636363636,0.5510059095165821
M4,50.0,10.0,l1,,liblinear,0.5340909090909091,0.5331262939958592
M4,50.0,10.0,l1,balanced,liblinear,0.5454545454545454,0.545219638242894
