sample_group,article_id,published_at_wib,title,url,section,prefilter_candidate,prefilter_categories,prefilter_keywords,prefilter_reason,is_geopolitical_candidate,matched_categories,matched_keywords,filter_reason,human_relevant,human_primary_category,human_notes
final_candidate,c6a139ca5b1ffbc232057d4030a327c57bd348a8d9cdd7f25884d53d8a77028f,2021-09-15T16:30:36+07:00,EU chief calls for more military independence amid new 'era of regional rivalries',https://www.cnbc.com/2021/09/15/eu-von-der-leyen-speech-defense-union-climate-chip-shortage.html,Business News,True,"[""armed_conflict""]","[""military""]",title_taxonomy_match,True,"[""armed_conflict""]","[""military""]",title_keyword_match,,,
final_candidate,58da644f4a1ad6734f54a9d9eb86dc4c00263a9b08220e8f9a82847d30f17d73,2021-10-21T16:18:34+07:00,"Climate policies could spark an 'even worse' energy crisis, Saudi finance minister says",https://www.cnbc.com/2021/10/21/saudi-finance-minister-climate-policies-may-cause-a-worse-energy-crisis.html,Business News,True,"[""energy_geopolitics""]","[""energy crisis""]",title_taxonomy_match+url_path_taxonomy_match,True,"[""energy_geopolitics""]","[""energy crisis""]",title_keyword_match,,,
final_candidate,f0d9b4fd2bb70a5ae92978c6dc3e1c08ce97ff91e17739fe7d8f0236906095a8,2021-11-24T11:28:08+07:00,Pakistan's central bank predicts 5% growth for the economy despite inflation worries,https://www.cnbc.com/2021/11/24/pakistan-central-bank-on-growth-inflation-outlook.html,Asia Economy,True,"[""monetary_geoeconomic""]","[""central bank"",""inflation""]",title_taxonomy_match+title_config_addition_match+url_path_taxonomy_match+url_path_config_addition_match,True,"[""monetary_geoeconomic""]","[""inflation""]",title_and_publisher_keyword_match,,,
final_candidate,b59273479b57c623444fc55274163afdb80db4b6de3298aa4128266e53bad5c1,2021-11-22T17:22:42+07:00,Protests against Covid rules and lockdowns erupt across Europe,https://www.cnbc.com/2021/11/22/photos-of-anti-covid-protests-in-europe.html,Business News,True,"[""political_instability""]","[""protests""]",title_config_addition_match+url_path_config_addition_match,True,"[""political_instability""]","[""unrest""]",publisher_keyword_match,,,
final_candidate,70d994b8e6d92f6b76d8f3ed4fb015529d4ee98cb962d13b1edc370f7612e05b,2021-11-17T13:14:19+07:00,"U.S. sanctions will still have an impact despite the rise of crypto, Treasury’s Adeyemo says",https://www.cnbc.com/2021/11/17/crypto-treasurys-adeyemo-says-dollar-to-remain-the-dominant-currency.html,Business News,True,"[""sanctions""]","[""sanctions""]",title_taxonomy_match,True,"[""sanctions""]","[""sanctions""]",title_and_publisher_keyword_match,,,
final_candidate,c9f7cd1bcda71f203f17b782d0866be305c248f6e6cfca8001fd49c49514d130,2021-09-02T12:46:14+07:00,"The U.S. would be ‘wise’ to cut tariffs on China, says former trade negotiator",https://www.cnbc.com/2021/09/02/us-china-tariffs-former-diplomat-on-trade-tension-bidens-trade-policy.html,Business News,True,"[""trade_conflict""]","[""tariffs""]",title_taxonomy_match+url_path_taxonomy_match,True,"[""trade_conflict""]","[""tariffs""]",title_keyword_match,,,
final_candidate,7379f82fe85e8997438a3ea59a854d3343c5a46006319698cf3f71641a2ca3bb,2021-12-08T21:56:04+07:00,"Satellite imagery company Planet goes public, with $300 million 'war chest' after SPAC deal",https://www.cnbc.com/2021/12/08/satellite-imagery-company-planet-begins-trading-on-the-nyse.html,Investing,True,"[""armed_conflict""]","[""war""]",title_taxonomy_match,True,"[""armed_conflict""]","[""war""]",title_keyword_match,,,
final_candidate,67d47e7a082f3947436c307c6fa6a1521bef5322fe00849027fa3d38c0bfc32d,2021-09-15T05:46:03+07:00,"Charts suggest the natural gas price surge isn't finished yet, Jim Cramer says",https://www.cnbc.com/2021/09/14/charts-suggest-the-natural-gas-price-surge-isnt-finished-cramer-says.html,CNBC TV,True,"[""energy_geopolitics""]","[""natural gas""]",title_taxonomy_match+url_path_taxonomy_match,True,"[""energy_geopolitics""]","[""natural gas""]",title_keyword_match,,,
final_candidate,b3620d300979cdce344693a0dca096aac9380dd1b58f7a6e87a97491dad65b9c,2021-10-27T12:50:37+07:00,European Central Bank expected to hold steady as economy slows and inflation soars,https://www.cnbc.com/2021/10/27/european-central-bank-expected-to-hold-steady-as-economy-slows.html,Business News,True,"[""monetary_geoeconomic""]","[""central bank"",""inflation""]",title_taxonomy_match+title_config_addition_match+url_path_config_addition_match,True,"[""monetary_geoeconomic""]","[""inflation""]",title_keyword_match,,,
final_candidate,286cb5eb6e64e1d19fd2f5aa4c520976938ab7a6f43ada8e1125c377050b97ce,2021-09-07T17:37:21+07:00,"Guinea coup rattles iron ore and bauxite markets, stokes economic uncertainty",https://www.cnbc.com/2021/09/07/guinea-coup-rattles-iron-ore-and-bauxite-markets-stokes-economic-uncertainty.html,Politics,True,"[""political_instability""]","[""coup""]",title_taxonomy_match+url_path_taxonomy_match,True,"[""political_instability""]","[""coup""]",title_keyword_match,,,
final_candidate,e1c279c7544a2244e1058c202a71b4c58431d44bb03c6a735fcd06747caaea67,2021-09-15T09:06:49+07:00,Huawei says it's hiring more scientists in the face of U.S. sanctions,https://www.cnbc.com/2021/09/15/huawei-says-its-hiring-more-scientists-in-the-face-of-us-sanctions.html,China Economy,True,"[""sanctions""]","[""sanctions""]",title_taxonomy_match+url_path_taxonomy_match,True,"[""sanctions""]","[""sanctions""]",title_keyword_match,,,
final_candidate,9f5524617b679332cd0d515361f41a536a787318bd62be8fab15ad4d61421c83,2021-10-07T01:47:57+07:00,Bourbon distillers face big tax bills and higher tariffs after a record year for production,https://www.cnbc.com/2021/10/06/bourbon-distillers-face-tax-bills-higher-tariffs-after-record-year-for-production.html,Politics,True,"[""trade_conflict""]","[""tariffs""]",title_taxonomy_match+url_path_taxonomy_match,True,"[""trade_conflict""]","[""tariffs""]",title_keyword_match,,,
final_candidate,5dc796a901bff26ef54aeeb7cc19c10ae5d245397aa11d49adf3d5e7e299ba4c,2021-12-22T21:38:18+07:00,"These 7 books helped create the Trader Joe's empire, from philosophy to World War I military strategy",https://www.cnbc.com/2021/12/22/these-books-helped-trader-joes-founder-joe-coulombe-build-an-empire.html,Make It,True,"[""armed_conflict""]","[""military"",""war""]",title_taxonomy_match,True,"[""armed_conflict""]","[""military"",""war""]",title_keyword_match,,,
final_candidate,676bcbd0d24c9ad82585f05a9e7ffc01cb41fe8856bb64e7e6d53fe875d11fe8,2021-09-17T05:28:10+07:00,"Natural gas has only done this twice in the last decade, and it could mean more pain ahead, charts suggest",https://www.cnbc.com/2021/09/16/why-natural-gas-could-extend-its-pullback-according-to-charts.html,Investing,True,"[""energy_geopolitics""]","[""natural gas""]",title_taxonomy_match+url_path_taxonomy_match,True,"[""energy_geopolitics""]","[""natural gas""]",title_and_publisher_keyword_match,,,
final_candidate,728cfe80039fce5fb8b301e87c4a5314882a32c9d181a70e0e3654bdffca7350,2021-11-17T07:08:58+07:00,"Jim Cramer sees signs that inflation pressures are easing, believes Fed policy approach is right",https://www.cnbc.com/2021/11/16/jim-cramer-sees-signs-that-inflation-pressures-are-easing-believes-fed-policy-approach-is-right.html,CNBC TV,True,"[""monetary_geoeconomic""]","[""Fed"",""inflation""]",title_taxonomy_match+title_config_addition_match+url_path_taxonomy_match+url_path_config_addition_match,True,"[""monetary_geoeconomic""]","[""inflation""]",title_keyword_match,,,
final_candidate,324f86ac749ca41ad399de5635061c98a79323eacfecaf586ee1477c2ec4180d,2021-11-10T17:04:51+07:00,Prince Harry says he warned Twitter CEO that a coup was about to happen a day before the Capitol riot,https://www.cnbc.com/2021/11/10/prince-harry-says-he-warned-twitters-jack-dorsey-about-capitol-riot.html,Technology,True,"[""political_instability""]","[""coup""]",title_taxonomy_match,True,"[""political_instability""]","[""coup""]",title_keyword_match,,,
final_candidate,2612b10b86104edb9829ac8f271acce6c730f34232a0d235d08c19afe0178f44,2021-11-15T16:51:06+07:00,Belarus denies engineering migrant crisis as EU strikes a tough tone on sanctions,https://www.cnbc.com/2021/11/15/belarus-denies-engineering-migrant-crisis-as-eu-strikes-a-tough-tone.html,Politics,True,"[""sanctions""]","[""sanctions""]",title_taxonomy_match,True,"[""sanctions""]","[""sanctions""]",title_keyword_match,,,
final_candidate,c0f2f97d35edea756dcc83743669b0d1234113f782ae81f7223e350a5d321284,2021-12-02T07:11:10+07:00,Apple backs exemptions for Trump tariffs on Apple Watches and Mac Pro parts,https://www.cnbc.com/2021/12/01/apple-backs-exemptions-for-trump-tariffs-on-apple-watches-mac-parts-.html,Technology,True,"[""trade_conflict""]","[""tariffs""]",title_taxonomy_match+url_path_taxonomy_match,True,"[""trade_conflict""]","[""tariffs""]",title_keyword_match,,,
final_candidate,716f48ef5c06e9d8319e88bde64648739752baabdd61ac8ea8bdefd732ac97cc,2021-11-24T18:39:55+07:00,Not since Americans came home from World War II has inflation run through the economy like it is now,https://www.cnbc.com/2021/11/24/not-since-americans-came-home-from-world-war-ii-has-inflation-run-through-the-economy-like-it-is-now.html,Markets,True,"[""armed_conflict"",""monetary_geoeconomic""]","[""inflation"",""war""]",title_taxonomy_match+url_path_taxonomy_match,True,"[""armed_conflict"",""monetary_geoeconomic""]","[""inflation"",""war""]",title_and_publisher_keyword_match,,,
final_candidate,cf6278348e3a2e785cc731bff6c787fab15dbb5dedb47dc22f1f38c1e4a2844d,2021-10-05T17:12:07+07:00,Oil analysts predict a prolonged rally as OPEC resists calls to ramp up supply,https://www.cnbc.com/2021/10/05/oil-prices-analysts-see-a-prolonged-rally-as-opec-sticks-to-its-plan.html,Markets,True,"[""energy_geopolitics""]","[""OPEC""]",title_taxonomy_match+url_path_taxonomy_match,True,"[""energy_geopolitics""]","[""OPEC""]",title_and_publisher_keyword_match,,,
final_candidate,c9ebfc099963a5d2ae7aa81d78c0560e4267a5353dc2e765d1f9d3b1571ef293,2021-12-28T12:06:15+07:00,Veteran strategist David Roche says China is set to ease monetary policy further,https://www.cnbc.com/2021/12/28/investment-strategist-david-roche-on-china-easing-monetary-policy-.html,China Economy,True,"[""monetary_geoeconomic""]","[""monetary policy""]",title_config_addition_match+url_path_config_addition_match,True,"[""monetary_geoeconomic""]","[""inflation""]",publisher_keyword_match,,,
final_candidate,d9d0b98aac308bc258724b5da8fd431d3e153467feb7b04d2edabce0d7bc849d,2022-03-22T03:20:37+07:00,"Nike reports sales growth driven by North American demand, delays outlook amid global unrest",https://www.cnbc.com/2022/03/21/nike-nke-reports-fiscal-q3-2022-earnings.html,Business News,True,"[""political_instability""]","[""unrest""]",title_taxonomy_match,True,"[""political_instability""]","[""unrest""]",title_keyword_match,,,
final_candidate,d38c64adbb6a762e38d6175439152fa067defc71953c86594a2cf7d5b6ee8545,2021-09-21T21:30:01+07:00,U.S. Treasury sanctions cryptocurrency exchange for alleged role in ransomware attacks,https://www.cnbc.com/2021/09/21/us-treasury-sanctions-cryptocurrency-exchange-suex.html,Technology,True,"[""sanctions""]","[""sanctions""]",title_taxonomy_match+url_path_taxonomy_match,True,"[""sanctions""]","[""sanctions""]",title_keyword_match,,,
final_candidate,344e43b9927b5f47a75f5e70a8de17ad618aa44bc5bde4572f640c51e2b1d1d5,2022-09-19T11:01:07+07:00,India's rice export ban: The Asian countries set to be hit hard — and those that’ll profit,https://www.cnbc.com/2022/09/19/philippines-indonesia-countries-most-vulnerable-to-indias-rice-export-ban-nomura.html,Asia Economy,True,"[""trade_conflict""]","[""export ban""]",title_taxonomy_match+url_path_taxonomy_match,True,"[""trade_conflict""]","[""export ban""]",title_keyword_match,,,
final_candidate,e75b4df6c17c53361a0b1866bfc8bce8dd178ecc60bcf31c120b42ce9e85dfce,2021-09-08T21:30:05+07:00,Cramer blasts Coinbase CEO over SEC tweets: 'You can't go to war with the regulators',https://www.cnbc.com/2021/09/08/cramer-blasts-coinbase-ceo-over-sec-tweets-you-cant-go-to-war-with-the-regulators.html,PRO Home,True,"[""armed_conflict""]","[""war""]",title_taxonomy_match+url_path_taxonomy_match,True,"[""armed_conflict""]","[""war""]",title_keyword_match,,,
final_candidate,2dfc859d6820c9132ade86c29cada649dac3edb990d8196c2ea7788fc2e544a0,2021-10-14T06:19:50+07:00,Global bank picks Asia stock 'winners' to play the energy crisis,https://www.cnbc.com/2021/10/14/stock-picks-bnp-paribas-on-asia-stock-winners-as-energy-prices-spike.html,PRO Home,True,"[""energy_geopolitics""]","[""energy crisis""]",title_taxonomy_match,True,"[""energy_geopolitics""]","[""energy crisis"",""natural gas""]",title_and_publisher_keyword_match,,,
final_candidate,6f6128576c0704f26dd60be784244abbc1afdde29b8ead3d3c3f88c180c90874,2021-12-14T00:29:14+07:00,Consumer inflation rises at fastest pace in nearly 40 years — five experts weigh in,https://www.cnbc.com/2021/12/13/inflation-rises-at-fastest-pace-in-nearly-40-years-experts-weigh-in-.html,Investing,True,"[""monetary_geoeconomic""]","[""inflation""]",title_taxonomy_match+url_path_taxonomy_match,True,"[""monetary_geoeconomic""]","[""inflation""]",title_keyword_match,,,
final_candidate,11ff917b8b7cf1b64a54fc81358eb0d12b5a5a74f53733a40fa3d26157070c86,2022-12-01T04:00:01+07:00,Assessing China: What political unrest means for ETF investors,https://www.cnbc.com/2022/11/30/assessing-china-what-political-unrest-means-for-etf-investors-.html,Markets,True,"[""political_instability""]","[""unrest""]",title_taxonomy_match+url_path_taxonomy_match,True,"[""political_instability""]","[""unrest""]",title_keyword_match,,,
final_candidate,b9681a0a1b6a5f0e73d11bdbfc5b2d555756ab31716a3ac7039f28a9f5850ee8,2022-03-26T21:30:37+07:00,"With Russian sanctions, small companies may be in for a big surprise",https://www.cnbc.com/2022/03/26/with-russian-sanctions-small-companies-may-be-in-for-a-big-surprise.html,Business News,True,"[""sanctions""]","[""sanctions""]",title_taxonomy_match+url_path_taxonomy_match,True,"[""sanctions""]","[""sanctions""]",title_and_publisher_keyword_match,,,
final_candidate,d15670bb24a5a484129763e3c7710c4a07c83b6cd3ecc5e207ec0f75bd45f65f,2022-02-04T22:07:08+07:00,"Biden extends Trump-era solar tariffs, with several modifications",https://www.cnbc.com/2022/02/04/president-biden-extends-trump-era-solar-tariffs-with-several-modifications-.html,Business News,True,"[""trade_conflict""]","[""tariffs""]",title_taxonomy_match+url_path_taxonomy_match,True,"[""trade_conflict""]","[""tariffs""]",title_keyword_match,,,
final_candidate,2fe66a01c81fa32b4d402f3d387fc6feea522e0eb98e6da465343796faa094c7,2021-09-15T13:01:59+07:00,Japan condemns North Korea’s ballistic missile launch as ‘outrageous’ and a ‘threat’ to the region,https://www.cnbc.com/2021/09/15/japan-condemns-north-koreas-ballistic-missile-launch.html,Politics,True,"[""armed_conflict""]","[""missile""]",title_taxonomy_match+url_path_taxonomy_match,True,"[""armed_conflict""]","[""missile""]",title_keyword_match,,,
final_candidate,01e204dc98e4e8902dc37957e67b230e61dc3eee2f9d20d2c58d2d7b8486b078,2021-09-16T12:48:09+07:00,Europe's energy crisis is making the market nervous. And analysts expect record-high prices to persist,https://www.cnbc.com/2021/09/16/europes-energy-crisis-is-making-the-market-nervous-ahead-of-winter.html,Politics,True,"[""energy_geopolitics""]","[""energy crisis""]",title_taxonomy_match+url_path_taxonomy_match,True,"[""energy_geopolitics""]","[""energy crisis""]",title_keyword_match,,,
final_candidate,2a18d9fa207b03fe682a107b14d217ed48f8a45ce3860ea647c637613cfc085a,2021-12-11T03:09:58+07:00,Inflation surged to its fastest pace since 1982 last month—here's what's more expensive,https://www.cnbc.com/2021/12/10/inflation-surged-to-its-fastest-pace-since-1982-last-month.html,Make It,True,"[""monetary_geoeconomic""]","[""inflation""]",title_taxonomy_match+url_path_taxonomy_match,True,"[""monetary_geoeconomic""]","[""inflation""]",title_keyword_match,,,
final_candidate,32d58c21a1b8b5ec787ca2c743c56d8c61bd98fd4a6c5767b65190eef9c254eb,2022-03-16T04:48:10+07:00,"Best trades on CNBC Tuesday: Stock picks for rising rates, falling oil prices and geopolitical unrest",https://www.cnbc.com/2022/03/15/best-trades-on-cnbc-tuesday-stocks-for-rising-rates-falling-energy.html,PRO Home,True,"[""political_instability""]","[""unrest""]",title_taxonomy_match,True,"[""political_instability""]","[""unrest""]",title_keyword_match,,,
final_candidate,ba24988712dd31196e58d231d6aea8948d5281d5b31424b650531cab4764163c,2022-02-23T21:38:53+07:00,"Investing Club: What Cramer is watching Wednesday — Russia sanctions, Goldman's consumer press, Caesars waves flag",https://www.cnbc.com/2022/02/23/investing-club-what-cramer-is-watching-wednesday-russia-sanctions-goldmans-consumer-press-caesars-waves-flag.html,CNBC Investing Club,True,"[""sanctions""]","[""sanctions""]",title_taxonomy_match+url_path_taxonomy_match,True,"[""sanctions""]","[""sanctions""]",title_keyword_match,,,
final_candidate,1b339a23155fff0d432443189fe2e6d5fe46a4f6f8a05a44c2b68f27f136fb94,2022-05-24T06:51:59+07:00,Chinese stocks plummet as tech stocks drop; investors weigh possible U.S. tariff cut on China's goods,https://www.cnbc.com/2022/05/24/asia-pacific-markets-us-china-tariffs-oil-and-currencies.html,Markets,True,"[""trade_conflict""]","[""tariff"",""tariffs""]",title_taxonomy_match+url_path_taxonomy_match,True,"[""trade_conflict""]","[""tariff""]",title_keyword_match,,,
final_candidate,52b7f5ef5cc0b13f60082446c4ed1e4558ec43b5df04997640cca5f4c9698396,2021-11-16T23:38:13+07:00,UK software firm Blue Prism soars 10% on potential bidding war,https://www.cnbc.com/2021/11/16/blue-prism-stock-surges-on-higher-takeover-offer.html,Technology,True,"[""armed_conflict""]","[""war""]",title_taxonomy_match,True,"[""armed_conflict""]","[""war""]",title_keyword_match,,,
final_candidate,af8989afb9074aecba3ce3d57fa6db68acf8e6d5c7cd0fd232cd0f524b41cbf3,2022-03-29T13:44:28+07:00,Saudi energy minister says oil alliance OPEC+ will leave politics out of output decisions,https://www.cnbc.com/2022/03/29/saudi-energy-minister-says-opec-will-leave-politics-out-of-oil-decisions.html,Business News,True,"[""energy_geopolitics""]","[""OPEC"",""OPEC+""]",title_taxonomy_match+title_config_addition_match+url_path_taxonomy_match,True,"[""energy_geopolitics""]","[""OPEC""]",title_keyword_match,,,
final_candidate,2e3d94d7fd6a85165e55ed210e0946d9a4bbab428108da80bd8f3a8c85286752,2021-11-13T04:33:58+07:00,Inflation remains the hot topic in week ahead as Walmart and other key retailers report,https://www.cnbc.com/2021/11/12/inflation-remains-the-hot-topic-in-week-ahead-as-walmart-and-other-key-retailers-report.html,Markets,True,"[""monetary_geoeconomic""]","[""inflation""]",title_taxonomy_match+url_path_taxonomy_match,True,"[""monetary_geoeconomic""]","[""inflation""]",title_keyword_match,,,
final_candidate,fae1aac6dcfb29f338c4aa8471f8d916915fda04b917dfc492e4e650dca8541f,2022-01-06T20:59:21+07:00,'Absolutely unprecedented': Massive protests in Kazakhstan are making international shock waves,https://www.cnbc.com/2022/01/06/massive-protests-in-kazakhstan-spur-russian-involvement.html,Politics,True,"[""political_instability""]","[""protests""]",title_config_addition_match+url_path_config_addition_match,True,"[""political_instability""]","[""unrest""]",publisher_keyword_match,,,
final_candidate,5bdce55c54213144f8cf405bcc874ff85e9bf705700da72089f736fc9f38b788,2022-02-25T16:05:43+07:00,"China's trade with Russia won't be enough to offset sanctions, U.S. says",https://www.cnbc.com/2022/02/25/chinas-trade-with-russia-wont-offset-sanctions-us-says.html,Markets,True,"[""sanctions""]","[""sanctions""]",title_taxonomy_match+url_path_taxonomy_match,True,"[""sanctions""]","[""sanctions""]",title_keyword_match,,,
final_candidate,c07c702ee84f7241116341fe8a64dd40c263ad2220415ed8668ae0b20a92af2e,2022-08-02T04:25:30+07:00,Biden administration faces midnight court deadline to defend $350 billion of Trump's China tariffs,https://www.cnbc.com/2022/08/01/biden-administration-faces-midnight-court-deadline-to-defend-350-billion-of-trumps-china-tariffs.html,Politics,True,"[""trade_conflict""]","[""tariffs""]",title_taxonomy_match+url_path_taxonomy_match,True,"[""trade_conflict""]","[""tariffs""]",title_keyword_match,,,
final_candidate,60c848cfa2142bdd7a5fa9951610931b8500a80d3a40223f46c74dd4038e3c88,2022-08-25T02:00:01+07:00,Shares of Australian coal miner Whitehaven have jumped 150% since the Ukraine war,https://www.cnbc.com/2022/08/24/shares-of-australian-coal-miner-whitehaven-up-150percent-since-ukraine-war.html,Asia Economy,True,"[""armed_conflict""]","[""war""]",title_taxonomy_match+url_path_taxonomy_match,True,"[""armed_conflict""]","[""war""]",title_keyword_match,,,
final_candidate,13ed80964913aea6560b7c7df439ee9ae53230c9b6b31aefcee654673cefc29d,2022-09-06T20:10:29+07:00,"What the Club is watching Tuesday — OPEC+ cuts output, banks downgraded, top industrial picks",https://www.cnbc.com/2022/09/06/what-the-club-is-watching-tuesday-opec-cuts-output-banks-downgraded-top-industrial-picks.html,CNBC Investing Club,True,"[""energy_geopolitics""]","[""OPEC"",""OPEC+""]",title_taxonomy_match+title_config_addition_match+url_path_taxonomy_match,True,"[""energy_geopolitics""]","[""OPEC""]",title_keyword_match,,,
final_candidate,9d085e470038322b189e6c44e7e919b45d075f0d3be606ce27c8ca9332cf428f,2021-12-04T00:22:51+07:00,Ron Insana: The Fed's economic doctors should follow the 'do no harm' code,https://www.cnbc.com/2021/12/03/ron-insana-the-feds-economic-doctors-should-follow-the-do-no-harm-code.html,Opinion,True,"[""monetary_geoeconomic""]","[""Fed""]",title_config_addition_match,True,"[""monetary_geoeconomic""]","[""Federal Reserve"",""inflation""]",publisher_keyword_match,,,
final_candidate,795497fdf7029c739a1e882a6e8bba7dc3b64f74673809f8172e885ad5e8fae9,2022-11-29T20:59:02+07:00,iPhone maker Foxconn entices angry workers in China to return as Apple faces supply crunch,https://www.cnbc.com/2022/11/29/iphone-maker-foxconn-entices-workers-in-china-to-return-after-unrest.html,Technology,True,"[""political_instability""]","[""unrest""]",url_path_taxonomy_match,True,"[""political_instability""]","[""unrest""]",publisher_keyword_match,,,
final_candidate,b38251148920027df51315632da099760ef295c87772e36c05918dc5b8ff5885,2022-03-02T11:24:09+07:00,"Chip stocks won't be affected by Russia sanctions, analyst says, and names her favorites",https://www.cnbc.com/2022/03/02/russia-ukraine-impact-of-sanctions-on-semiconductors-chip-stocks.html,PRO Home,True,"[""sanctions""]","[""sanctions""]",title_taxonomy_match+url_path_taxonomy_match,True,"[""sanctions""]","[""sanctions""]",title_keyword_match,,,
final_candidate,4ec2b02d494f8767084d8ad56a204758f9d8f47fe98befdf428ec3c0c37a3284,2023-08-04T12:15:14+07:00,"China lifts anti-dumping tariffs on Australian barley after three years, easing supply concerns",https://www.cnbc.com/2023/08/04/china-lifts-anti-dumping-tariffs-on-australian-barley-after-three-years.html,Asia Economy,True,"[""trade_conflict""]","[""tariffs""]",title_taxonomy_match+url_path_taxonomy_match,True,"[""trade_conflict""]","[""tariffs""]",title_keyword_match,,,
final_candidate,0e05141a10ac0cf51ac848a273691bce9892e7794a409c5d95ded18977a614fb,2022-02-25T23:39:58+07:00,Delta cuts Aeroflot ties as fallout from Russia's invasion of Ukraine spreads in air travel,https://www.cnbc.com/2022/02/25/delta-air-lines-cuts-ties-with-aeroflot-after-russia-attacks-ukraine.html,Business News,True,"[""armed_conflict""]","[""invasion""]",title_taxonomy_match,True,"[""armed_conflict""]","[""invasion""]",title_keyword_match,,,
final_candidate,b895aeaa3ac0d6f01c9f17bbf0c27eec581d0f931b0f950df11d9ec92aa5e0cd,2022-05-27T23:52:21+07:00,Kelly Evans: The energy crisis will keep getting worse,https://www.cnbc.com/2022/05/27/kelly-evans-the-energy-crisis-will-keep-getting-worse.html,CNBC TV,True,"[""energy_geopolitics""]","[""energy crisis""]",title_taxonomy_match+url_path_taxonomy_match,True,"[""energy_geopolitics""]","[""energy crisis""]",title_keyword_match,,,
final_candidate,6c038fcc2d18247997582132ad2885ea08db00b55705256ef50790412e197a4c,2021-12-10T23:17:57+07:00,Tech fund manager Dan Niles says S&P 500 could drop 20% next year as Fed hikes rates,https://www.cnbc.com/2021/12/10/tech-fund-manager-dan-niles-says-sp-500-could-drop-20percent-next-year.html,PRO Home,True,"[""monetary_geoeconomic""]","[""Fed""]",title_config_addition_match,True,"[""monetary_geoeconomic""]","[""inflation""]",publisher_keyword_match,,,
final_candidate,6c7034f5e224560d7959c0084b5007793fd74e502f96b761149ae2ef146ed372,2023-04-21T13:00:03+07:00,CNBC Daily Open: Unrest in Elon Musk's empire,https://www.cnbc.com/2023/04/21/stock-markets-unrest-in-elon-musks-empire.html,Markets,True,"[""political_instability""]","[""unrest""]",title_taxonomy_match+url_path_taxonomy_match,True,"[""political_instability""]","[""unrest""]",title_keyword_match,,,
final_candidate,5f2009c91c7a325dddecc04ef7b40d8c353a33b8ce48ad13c392ecd045d5d3f5,2022-10-07T01:27:07+07:00,U.S. sanctions more Iranian leaders over Mahsa Amini death,https://www.cnbc.com/2022/10/06/us-sanctions-more-iranian-leaders-over-mahsa-amini-death-.html,Politics,True,"[""sanctions""]","[""sanctions""]",title_taxonomy_match+url_path_taxonomy_match,True,"[""sanctions""]","[""sanctions""]",title_keyword_match,,,
final_candidate,67f23d7717c635a4ee4b19bb21268b9fbed3bf6ead7eb2937d70c06983ba724c,2023-12-20T23:02:54+07:00,"Whiskey distillers cheer as EU, U.S. strike deal to avoid 50% tariff on exports to Europe",https://www.cnbc.com/2023/12/20/eu-and-us-reach-agreement-to-avoid-50percent-american-whiskey-tariff.html,Business News,True,"[""trade_conflict""]","[""tariff""]",title_taxonomy_match+url_path_taxonomy_match,True,"[""trade_conflict""]","[""tariff""]",title_keyword_match,,,
final_candidate,d33e62c3558b3d16f6b4fcc686a115737742a9fdd0dadeb11ee7c1ea88764741,2022-03-28T20:12:18+07:00,"Investing Club: What Cramer is watching — Apple cut, Tesla split, 'war changes everything' for financials",https://www.cnbc.com/2022/03/28/investing-club-what-cramer-is-watching-apple-cut-tesla-split-war-changes-everything-for-financials.html,CNBC Investing Club,True,"[""armed_conflict""]","[""war""]",title_taxonomy_match+url_path_taxonomy_match,True,"[""armed_conflict""]","[""war""]",title_keyword_match,,,
final_candidate,00ec8fa0c1b7ce1ea3db11f0d7f9316e905cc8cca02e1aad1c80555db5a90dca,2022-06-14T22:57:04+07:00,Natural gas plummets as Freeport delays facility restart following explosion,https://www.cnbc.com/2022/06/14/natural-gas-plummets-as-freeport-delays-facility-restart-following-explosion.html,Markets,True,"[""energy_geopolitics""]","[""natural gas""]",title_taxonomy_match+url_path_taxonomy_match,True,"[""energy_geopolitics""]","[""natural gas""]",title_keyword_match,,,
final_candidate,8b003d8dabfa1dcb0bc032fea7242f0ca4a8fe2d1ac58110318d4e8da0f7ab8b,2021-11-15T21:00:01+07:00,"GOP report shows inflation hurts low-income Americans the most, blames Democrats for price jumps",https://www.cnbc.com/2021/11/15/gop-report-shows-inflation-hurts-low-income-americans-the-most-blames-democrats.html,Politics,True,"[""monetary_geoeconomic""]","[""inflation""]",title_taxonomy_match+url_path_taxonomy_match,True,"[""monetary_geoeconomic""]","[""inflation""]",title_and_publisher_keyword_match,,,
final_candidate,d24e01e8f98e0940106c498217bb84c93eb49fbbd3587002e6fe7055d487a07c,2023-06-07T13:57:17+07:00,"Senegal, one of Africa's bastions of stability, faces its gravest threat of unrest in decades",https://www.cnbc.com/2023/06/07/senegal-one-of-africas-bastions-of-stability-faces-its-gravest-threat-of-unrest-in-decades.html,Politics,True,"[""political_instability""]","[""unrest""]",title_taxonomy_match+url_path_taxonomy_match,True,"[""political_instability""]","[""unrest""]",title_keyword_match,,,
final_candidate,8aca325d3bca66bd562a71e2a6b06a4303620b11fd59399b1e7723c4285d8d2f,2022-03-03T01:25:22+07:00,"Bitcoin sanctions could be next, but most Russians won't care",https://www.cnbc.com/2022/03/02/bitcoin-sanctions-could-be-next-as-doj-unveils-crypto-crackdown-plans.html,Technology,True,"[""sanctions""]","[""sanctions""]",title_taxonomy_match+url_path_taxonomy_match,True,"[""sanctions""]","[""sanctions""]",title_keyword_match,,,
final_candidate,f833bc17a1e564fc9732cdf9c72b8dd3abb40a323ad813ef92e59105ec330acb,2023-07-21T09:20:50+07:00,India's rice export ban could send decade-high prices spiking even further,https://www.cnbc.com/2023/07/21/indias-rice-export-ban-could-send-decade-high-prices-higher.html,Markets,True,"[""trade_conflict""]","[""export ban""]",title_taxonomy_match+url_path_taxonomy_match,True,"[""trade_conflict""]","[""export ban""]",title_keyword_match,,,
final_candidate,6b4a12d919fb79d84981367fe8d84cbb1197ea36398cf49d6cb4060c8007aabe,2022-03-25T06:17:28+07:00,Agco CEO says Russia-Ukraine war's potential consequences on global food supply is 'a really big deal',https://www.cnbc.com/2022/03/24/agco-ceo-says-russia-ukraine-wars-potential-consequences-on-global-food-supply-is-a-really-big-deal.html,CNBC TV,True,"[""armed_conflict""]","[""war""]",title_taxonomy_match,True,"[""armed_conflict""]","[""war""]",title_keyword_match,,,
final_candidate,9ccae6471c4c1546e8d274bc9ec7c1c70383c5b6c930038bbbed9b6ed9fb21bd,2022-10-07T23:26:42+07:00,Ron Insana: It's time to use an 'all of the above' energy policy to break up the OPEC+ cartel,https://www.cnbc.com/2022/10/07/ron-insana-its-time-to-use-an-all-of-the-above-energy-policy-to-break-up-the-opec-cartel.html,Opinion,True,"[""energy_geopolitics""]","[""OPEC"",""OPEC+""]",title_taxonomy_match+title_config_addition_match+url_path_taxonomy_match,True,"[""energy_geopolitics""]","[""OPEC""]",title_and_publisher_keyword_match,,,
final_candidate,da510fad4988f518205cf446e7b1ca2815d26546094c7109ed051ee8ece69393,2021-12-01T23:09:21+07:00,What Fed Chair Jerome Powell's hawkish turn means for market volatility into year-end,https://www.cnbc.com/2021/12/01/what-fed-chair-powells-hawkish-turn-means-for-the-market-economy.html,Special Reports,True,"[""monetary_geoeconomic""]","[""Fed""]",title_config_addition_match+url_path_config_addition_match,True,"[""monetary_geoeconomic""]","[""Federal Reserve""]",publisher_keyword_match,,,
final_candidate,2810823db81afb7c442128abc5ae75a64bc84d7290a9c675eea5ddfca592b74e,2023-10-26T20:24:05+07:00,Meta shares dip following cautious commentary about unrest in the Middle East,https://www.cnbc.com/2023/10/26/meta-stock-down-on-cautious-commentary-about-unrest-in-the-middle-east.html,Technology,True,"[""political_instability""]","[""unrest""]",title_taxonomy_match+url_path_taxonomy_match,True,"[""political_instability""]","[""unrest""]",title_keyword_match,,,
final_candidate,274c753c953af9e64a0e66448f3cff47e173c7729668c19462b2d70e688fee51,2023-11-17T02:13:26+07:00,Treasury Department's hunt for Russian oil sanction violators on the seas is intensifying,https://www.cnbc.com/2023/11/16/treasurys-hunt-for-russian-oil-sanction-violators-is-in-murky-waters.html,Business News,True,"[""sanctions""]","[""sanction""]",title_taxonomy_match+url_path_taxonomy_match,True,"[""sanctions""]","[""sanction"",""sanctions""]",title_and_publisher_keyword_match,,,
final_candidate,97b20ea07d21288a0f94cb26ec3d3d396c2edce64846ca742692c5b44d8e71e8,2023-07-27T21:31:00+07:00,"This stock could benefit from a Mexican steel tariff, Morgan Stanley says",https://www.cnbc.com/2023/07/27/this-stock-could-benefit-from-a-mexican-steel-tariff-morgan-stanley-says.html,PRO Home,True,"[""trade_conflict""]","[""tariff""]",title_taxonomy_match+url_path_taxonomy_match,True,"[""trade_conflict""]","[""tariff""]",title_keyword_match,,,
final_candidate,02410073f6e8bec19eca55787cd5f6e825e9944f58d1ba76e66dcc2c6f83dda5,2022-03-18T08:03:55+07:00,How the Russia-Ukraine war could hit China's trade,https://www.cnbc.com/2022/03/18/how-the-russia-ukraine-crisis-could-hit-chinas-trade.html,China Economy,True,"[""armed_conflict""]","[""war""]",title_taxonomy_match,True,"[""armed_conflict""]","[""war""]",title_keyword_match,,,
final_candidate,599b9736787bcfa587a9f78e63f19428813914ecf04402b3c920d691d171266f,2022-04-19T17:50:02+07:00,"Natural gas prices may keep rising after doubling so far this year, further boosting related stocks",https://www.cnbc.com/2022/04/19/natural-gas-prices-may-keep-rising-after-doubling-so-far-this-year-further-boosting-related-stocks.html,PRO Home,True,"[""energy_geopolitics""]","[""natural gas""]",title_taxonomy_match+url_path_taxonomy_match,True,"[""energy_geopolitics""]","[""natural gas""]",title_and_publisher_keyword_match,,,
final_candidate,d0bbe572a314f3bc5bbc6a4495e6fc91f6fdf9a336fc01967cd9a1979b32fb0d,2021-12-12T23:30:38+07:00,How inflation is changing the 2022 annual employee pay raise equation,https://www.cnbc.com/2021/12/12/why-workers-should-expect-a-raise-and-that-it-wont-match-inflation.html,Technology,True,"[""monetary_geoeconomic""]","[""inflation""]",title_taxonomy_match+url_path_taxonomy_match,True,"[""monetary_geoeconomic""]","[""inflation""]",title_and_publisher_keyword_match,,,
final_candidate,d80ab077e9299276114dd3059d3656677909406459413e6e407671285669d145,2024-06-27T11:25:18+07:00,"India's water crisis could lead to unrest, hurt economic growth, Moody's warns",https://www.cnbc.com/2024/06/27/indias-worsening-water-crisis-will-hurt-credit-strength-moodys.html,Business News,True,"[""political_instability""]","[""unrest""]",title_taxonomy_match,True,"[""political_instability""]","[""unrest""]",title_keyword_match,,,
final_candidate,68e5d33028dd56c418a581e25e3d6da5aceef32936017b5c763734abef2aabd5,2023-02-03T12:51:00+07:00,"Sanctions on Russian crude oil have 'failed completely,' oil analyst says",https://www.cnbc.com/2023/02/03/sanctions-on-russian-crude-oil-have-failed-completely-oil-analyst-says.html,Markets,True,"[""energy_geopolitics"",""sanctions""]","[""crude oil"",""sanctions""]",title_taxonomy_match+title_config_addition_match+url_path_taxonomy_match+url_path_config_addition_match,True,"[""sanctions""]","[""sanctions""]",title_keyword_match,,,
final_candidate,91f253d97417944c346793afe18664f87677d8c6dbe79916eb252d546b53b67f,2023-12-21T12:44:44+07:00,"China revokes Taiwan tariff concessions, piles on pressure ahead of elections in the island",https://www.cnbc.com/2023/12/21/china-revokes-taiwan-tariff-concessions-ahead-of-elections.html,Politics,True,"[""trade_conflict""]","[""tariff""]",title_taxonomy_match+url_path_taxonomy_match,True,"[""trade_conflict""]","[""tariff""]",title_keyword_match,,,
final_candidate,858239ab20ea7ff4f129ba410c7cf648b2ed70f716af97756d6834fba10b9ec6,2022-04-10T21:00:02+07:00,"Russia-Ukraine war is having a limited impact on Europe vacation bookings, experts say",https://www.cnbc.com/2022/04/10/russia-ukraine-war-has-limited-impact-on-europe-vacation-bookings.html,Investing,True,"[""armed_conflict""]","[""war""]",title_taxonomy_match+url_path_taxonomy_match,True,"[""armed_conflict""]","[""war""]",title_and_publisher_keyword_match,,,
final_candidate,3307595f95abbb33ad1a59ed2cabddd7ff0f059182354ff26abbbe8d4e1dc16a,2022-12-19T23:44:58+07:00,EU approves measure to limit natural gas prices in effort to combat energy crisis,https://www.cnbc.com/2022/12/19/european-union-approves-cap-on-natural-gas-prices.html,Politics,True,"[""energy_geopolitics""]","[""energy crisis"",""natural gas""]",title_taxonomy_match+url_path_taxonomy_match,True,"[""energy_geopolitics""]","[""energy crisis"",""natural gas""]",title_keyword_match,,,
final_candidate,2320055e856bcf501f608192567b1df00308b566c76b901869e679091342bdf1,2022-08-11T15:12:10+07:00,Thai central bank governor says there's no need to 'undertake heroically large rate hikes',https://www.cnbc.com/2022/08/11/thai-central-bank-says-no-need-to-undertake-heroically-large-rate-hikes.html,Asia Economy,True,"[""monetary_geoeconomic""]","[""central bank""]",title_config_addition_match+url_path_config_addition_match,True,"[""monetary_geoeconomic""]","[""inflation""]",publisher_keyword_match,,,
final_candidate,91d3f1104ab454bc03ffe3f7fc207734247329f15fd09613384f02e3b6aa691d,2024-12-16T08:44:02+07:00,South Korea markets end Monday mixed after President Yoon's impeachment,https://www.cnbc.com/2024/12/16/south-korea-on-pace-for-fifth-straight-day-of-gains-after-yoons-impeachment.html,Markets,True,"[""political_instability""]","[""impeachment""]",title_taxonomy_match+url_path_taxonomy_match,True,"[""political_instability""]","[""impeachment""]",title_keyword_match,,,
final_candidate,518b1062c6678acf74d55205881b3d5b27455ce87915b9be3e57a34636ba3a5d,2023-02-01T02:33:00+07:00,"New York AG will seek sanctions on Trump, lawyers over 'false' court filings in fraud suit",https://www.cnbc.com/2023/01/31/new-york-attorney-general-will-seek-sanctions-on-trump.html,Politics,True,"[""sanctions""]","[""sanctions""]",title_taxonomy_match+url_path_taxonomy_match,True,"[""sanctions""]","[""sanctions""]",title_keyword_match,,,
final_candidate,3886fcdc9f09ddd9b914996b122f15cc7772f27e2fe82de3af644ee40ff0e10d,2023-04-29T00:54:47+07:00,"House votes to restore solar panel tariffs, Biden vows to veto bill if it passes Senate",https://www.cnbc.com/2023/04/28/house-votes-to-restore-solar-panel-tariffs-biden-vows-veto.html,Technology,True,"[""trade_conflict""]","[""tariffs""]",title_taxonomy_match+url_path_taxonomy_match,True,"[""trade_conflict""]","[""tariffs""]",title_keyword_match,,,
final_candidate,53b55898e4071fdcf220585c3bc5b8746742d3aa5931876802b2b72bd5c0d3dc,2022-03-01T13:56:04+07:00,How the Russia-Ukraine conflict could affect young people’s finances,https://www.cnbc.com/2022/03/01/how-the-russia-ukraine-conflict-could-affect-young-peoples-finances.html,Make It,True,"[""armed_conflict""]","[""conflict""]",title_taxonomy_match+url_path_taxonomy_match,True,"[""armed_conflict""]","[""conflict""]",title_keyword_match,,,
final_candidate,7c1fff5e69f35d229a59ef556fac999a71bb12dc8ee8659cc75a36c7b0402a91,2022-06-03T13:23:48+07:00,"Gas or renewables? With the world in an unprecedented energy crisis, top CEOs are searching for solutions",https://www.cnbc.com/2022/06/03/it-is-now-or-never-ceos-on-gas-renewables-and-the-energy-crisis.html,Technology,True,"[""energy_geopolitics""]","[""energy crisis""]",title_taxonomy_match+url_path_taxonomy_match,True,"[""energy_geopolitics""]","[""energy crisis"",""natural gas""]",title_and_publisher_keyword_match,,,
final_candidate,987534ebb132b974db8a2e9b07bb5226ce5f1716fb10c057b78ae2bcb0b7b211,2022-07-26T03:20:56+07:00,Walmart shares slump after retailer cuts profit outlook on inflation concerns,https://www.cnbc.com/2022/07/25/walmart-cuts-second-quarter-guidance-as-it-sees-slower-growth-due-to-inflation.html,Business News,True,"[""monetary_geoeconomic""]","[""inflation""]",title_taxonomy_match+url_path_taxonomy_match,True,"[""monetary_geoeconomic""]","[""inflation""]",title_keyword_match,,,
final_candidate,7915be8d97adf4ebb7101d27309b3c56ae6a31c528aa281ef5636042bbb8a039,2024-04-11T03:42:54+07:00,Trump Media director accused of 'hacking' files in attempted corporate 'coup': Lawsuit,https://www.cnbc.com/2024/04/10/trump-media-director-accused-of-hacking-files-lawsuit.html,Politics,True,"[""political_instability""]","[""coup""]",title_taxonomy_match,True,"[""political_instability""]","[""coup""]",title_keyword_match,,,
final_candidate,fbdbc0a2aa63ea3e0275704abbe8f0449181d934c6c6c0cb7715d274a47ebf63,2023-01-17T23:43:39+07:00,Hungary's foreign minister says Brussels has failed on Russia sanctions,https://www.cnbc.com/2023/01/17/hungarys-foreign-minister-says-brussels-has-failed-on-russia-sanctions.html,Special Reports,True,"[""sanctions""]","[""sanctions""]",title_taxonomy_match+url_path_taxonomy_match,True,"[""sanctions""]","[""sanctions""]",title_keyword_match,,,
final_candidate,8616e919be8f76e127c04a8d46e962b349aa9d527ce094d6ba29258fe84928e9,2024-11-11T13:53:17+07:00,Trump tariff threat looms large on several Asian countries — not just China — says Goldman Sachs,https://www.cnbc.com/2024/11/11/trump-tariff-threat-looms-large-on-many-asian-countries-not-just-china.html,Asia Economy,True,"[""trade_conflict""]","[""tariff""]",title_taxonomy_match+url_path_taxonomy_match,True,"[""trade_conflict""]","[""tariff""]",title_keyword_match,,,
final_candidate,6497c65693d7e3c6eecf1db6ee08024f5d7e0ea66b46afdeb6144f176d7a43db,2022-07-17T11:44:19+07:00,G-20 meeting ends without full consensus; food security and inflation top agenda at Bali meeting,https://www.cnbc.com/2022/07/17/g20-no-full-consensus-food-security-inflation-ukraine-war-top-agenda.html,Markets,True,"[""armed_conflict"",""monetary_geoeconomic""]","[""inflation"",""war""]",title_taxonomy_match+url_path_taxonomy_match,True,"[""armed_conflict"",""monetary_geoeconomic""]","[""inflation"",""military""]",title_and_publisher_keyword_match,,,
final_candidate,4e6f2cb5d03d96efde7b2a171c7d0c39fa852d5147a715c923acedddd6222cd7,2023-10-03T07:57:12+07:00,Southeast Asia is set to drive up demand for natural gas — it’s where ‘all the action’ will be,https://www.cnbc.com/2023/10/03/southeast-asia-to-be-key-drivers-of-lng-market-by-end-of-decade.html,Asia Economy,True,"[""energy_geopolitics""]","[""natural gas""]",title_taxonomy_match,True,"[""energy_geopolitics""]","[""natural gas""]",title_keyword_match,,,
final_candidate,5837474fc2baf00f8cb758f406fb924edda4f372b69514f63b0c6a3585a5e033,2022-07-14T02:34:56+07:00,Inflation is still running hot — but June's CPI may not tell the whole story for investors,https://www.cnbc.com/2022/07/13/inflation-is-still-running-hot-but-junes-cpi-may-not-tell-the-whole-story-for-investors.html,CNBC Investing Club,True,"[""monetary_geoeconomic""]","[""CPI"",""inflation""]",title_taxonomy_match+url_path_taxonomy_match,True,"[""monetary_geoeconomic""]","[""CPI"",""inflation""]",title_and_publisher_keyword_match,,,
final_candidate,74e9724ea6672dd1ecdb12fa4002f632caaac8c9dd4babbdaecde20255932145,2025-12-03T15:17:33+07:00,South Korea's Lee vows 'strict accountability' for martial law perpetrators a year after Yoon’s ‘self-coup' attempt,https://www.cnbc.com/2025/12/03/south-korea-lee-jae-myung-yoon-suk-yeol-martial-law-coup-han-duck-soo-trial-court-law.html,Markets,True,"[""political_instability""]","[""coup""]",title_taxonomy_match+url_path_taxonomy_match,True,"[""political_instability""]","[""coup""]",title_keyword_match,,,
final_candidate,2166b130eb6c67bd5054b76f4b2547cb1e7890da2e75ada6a7da97384dc0e5a1,2023-03-31T17:59:24+07:00,"China's chip industry will be 'reborn' under U.S. sanctions, Huawei says, claiming breakthrough",https://www.cnbc.com/2023/03/31/chinas-chip-industry-will-be-reborn-under-us-sanctions-huawei-says.html,Technology,True,"[""sanctions""]","[""sanctions""]",title_taxonomy_match+url_path_taxonomy_match,True,"[""sanctions""]","[""sanctions""]",title_keyword_match,,,
final_candidate,c560cd681b00bbfbe5fdc4ddfb9e04ba9179a2fdec80016f0bb10721535ff595,2024-10-30T09:44:23+07:00,"China 'does not agree or accept' the EU's EV tariffs, says negotiations are still ongoing",https://www.cnbc.com/2024/10/30/china-does-not-agree-or-accept-the-eus-ev-tariffs-says-negotiations-are-still-ongoing-.html,Asia: Business,True,"[""trade_conflict""]","[""tariffs""]",title_taxonomy_match+url_path_taxonomy_match,True,"[""trade_conflict""]","[""tariffs""]",title_keyword_match,,,
final_candidate,d60cc3fadf892cdb4f0fb351cc5daf44d9bec100f4f7c445301b44cb5846150f,2022-03-11T23:18:17+07:00,Insana: Russia's Ukraine invasion is a turning point for investors as the world changes,https://www.cnbc.com/2022/03/11/insana-russias-ukraine-invasion-is-a-turning-point-for-investors-as-the-world-changes.html,Opinion,True,"[""armed_conflict""]","[""invasion""]",title_taxonomy_match+url_path_taxonomy_match,True,"[""armed_conflict""]","[""invasion""]",title_keyword_match,,,
final_candidate,2fb4442ba0d9f61b79ac284fa364afa5cd126dd94920b4b9092cf3ace54b243e,2023-03-27T07:33:50+07:00,The banking crisis is doing the Fed's work and creating a window for stocks to rally,https://www.cnbc.com/2023/03/26/cramer-banking-crisis-doing-feds-work-creates-window-for-stock-rally.html,CNBC Investing Club,True,"[""monetary_geoeconomic""]","[""Fed""]",title_config_addition_match,True,"[""energy_geopolitics""]","[""natural gas""]",publisher_keyword_match,,,
final_candidate,127f4b87887c1af0f19286939d1f6773d820e64d0965b1bbae7b9b459f70e4ff,2022-02-24T06:20:10+07:00,Jim Cramer expects an epic 'snapback rally' for stocks if inflation or Russian aggression gets resolved,https://www.cnbc.com/2022/02/23/cramer-expects-stock-rally-if-inflation-or-russian-aggression-resolve.html,CNBC TV,True,"[""monetary_geoeconomic""]","[""inflation""]",title_taxonomy_match+url_path_taxonomy_match,True,"[""monetary_geoeconomic""]","[""inflation""]",title_keyword_match,,,
final_candidate,835691c7a2558cb0bd160818ee224aeca284f444b56a7ff1bb6447f0d884b114,2025-04-04T09:24:02+07:00,"South Korea's Constitutional Court upholds impeachment of President Yoon, ousting him from office",https://www.cnbc.com/2025/04/04/south-korea-upholds-impeachment-of-president-yoon-ousting-him-from-office.html,Politics,True,"[""political_instability""]","[""impeachment""]",title_taxonomy_match+url_path_taxonomy_match,True,"[""political_instability""]","[""impeachment""]",title_keyword_match,,,
final_candidate,aafe1740cf9c62cb18ab4d9e85e026e92335ff4b38a0fd1f6d83bdac633e9a60,2024-10-14T23:18:23+07:00,"Russian oil trade is rising with record crude volumes on 'dark fleet' vessels despite sanctions, price cap",https://www.cnbc.com/2024/10/14/russian-oil-trade-rises-with-record-volumes-of-dark-fleet-crude.html,Business News,True,"[""sanctions""]","[""sanctions""]",title_taxonomy_match,True,"[""sanctions""]","[""sanctions""]",title_and_publisher_keyword_match,,,
final_candidate,a5ed0f6a19739b5c4d15dd33082f0fc3ce6c660ff131afcf69c7f7b913675196,2024-11-26T22:45:30+07:00,Constellation Brands' stock falls as Trump tariff plan threatens to make Modelo and Corona more expensive,https://www.cnbc.com/2024/11/26/trump-tariff-modelo-corona-constellation-brands.html,Business News,True,"[""trade_conflict""]","[""tariff""]",title_taxonomy_match+url_path_taxonomy_match,True,"[""trade_conflict""]","[""tariff""]",title_keyword_match,,,
final_candidate,8daf30d255c56198ca4b44c730de1a4f6fb4eb1e751d4459782b69ce95e90efb,2022-04-14T21:25:53+07:00,"The war in Ukraine has caused chaos in agriculture markets, making investing a tricky proposition",https://www.cnbc.com/2022/04/14/ukraine-war-has-caused-chaos-in-agriculture-making-investing-tough.html,PRO Home,True,"[""armed_conflict""]","[""war""]",title_taxonomy_match+url_path_taxonomy_match,True,"[""armed_conflict""]","[""war""]",title_keyword_match,,,
final_candidate,157e19f3c8e10769afe7f54e0f2d93febde58c243a2b406ab7c0ea0af62f5410,2023-01-04T06:42:53+07:00,"Charts suggest oil, natural gas and wheat could be due for a ‘boom,’ Jim Cramer says",https://www.cnbc.com/2023/01/03/charts-suggest-oil-natural-gas-and-wheat-could-be-due-for-a-boom-jim-cramer-says.html,CNBC TV,True,"[""energy_geopolitics""]","[""natural gas""]",title_taxonomy_match+url_path_taxonomy_match,True,"[""energy_geopolitics""]","[""natural gas""]",title_keyword_match,,,
final_candidate,c2a63071002a4b253c13e7135bfdf8df687aa8308af5800a73e4ac2d18be16c7,2022-04-15T08:13:50+07:00,"China’s lockdowns are a greater threat to inflation today than in 2020, Bernstein says",https://www.cnbc.com/2022/04/15/bernstein-chinas-2022-covid-lockdowns-inflation-risk-bigger-vs-2020.html,China Economy,True,"[""monetary_geoeconomic""]","[""inflation""]",title_taxonomy_match+url_path_taxonomy_match,True,"[""monetary_geoeconomic""]","[""inflation""]",title_and_publisher_keyword_match,,,
final_candidate,ac4b929658b1b96265dbc4cd04f5cb698ad4d18c46ad2d5b117a5d12017eebf0,2026-01-28T01:23:11+07:00,House Democrats to Trump: Fire DHS chief Noem or they'll start impeachment proceedings against her,https://www.cnbc.com/2026/01/27/house-democrats-kristi-noem-impeachment-trump.html,Politics,True,"[""political_instability""]","[""impeachment""]",title_taxonomy_match+url_path_taxonomy_match,True,"[""political_instability""]","[""impeachment""]",title_keyword_match,,,
prefilter_reject,fa59f7d90104105fced331e6f2acad5a08ff790e02c8631a64753fd70054acc9,,Here's what you can do now to set yourself up for financial success in 2022,https://www.cnbc.com/2021/12/01/how-to-set-yourself-up-for-financial-success-in-2022.html,,False,[],[],no_title_or_url_prefilter_match,,[],[],not_enriched_due_to_prefilter_reject,,,
prefilter_reject,2616d095fc6a6966bf923a7c3ae76d47713baed30209d336a4d964915cc7a771,,"Mark Mobius predicts bitcoin could crash 40% to $10,000 next year",https://www.cnbc.com/2022/12/01/bitcoin-price-could-fall-40percent-to-10000-in-2023-mark-mobius-says.html,,False,[],[],no_title_or_url_prefilter_match,,[],[],not_enriched_due_to_prefilter_reject,,,
prefilter_reject,bc3a02a3ef7820d95c190df2cdf471b3dc8d9a7463b2dc956bd57e1651ad8eb3,,NBA and NHL broadcasts are coming soon to immersive ‘shared reality’ domes,https://www.cnbc.com/2023/10/31/nba-nhl-tnt-broadcasts-immersive-domes.html,,False,[],[],no_title_or_url_prefilter_match,,[],[],not_enriched_due_to_prefilter_reject,,,
prefilter_reject,13a720f2849494d97ec862d1fe1211f9501f0723ce3d833e5e954cb8aad1c5cd,,Obama endorses Kamala Harris as she builds momentum against Donald Trump,https://www.cnbc.com/2024/07/26/obama-endorses-harris-barack-michelle-trump.html,,False,[],[],no_title_or_url_prefilter_match,,[],[],not_enriched_due_to_prefilter_reject,,,
prefilter_reject,91ee6ae1aa0f7a03eff1c73948a6e064f1df899a3004dbe47dd9f58e74dc7beb,,,https://www.cnbc.com/advertorial/2025/05/15/why-companies-must-earn-the-right-to-grow.html,,False,[],[],no_title_or_url_prefilter_match,,[],[],not_enriched_due_to_prefilter_reject,,,
prefilter_reject,d3ba42c080a1626dbd41472d8cd6ea469c0071c36dbf6b3698687697708065a9,,Jim Cramer's top 10 things to watch in the stock market Monday,https://www.cnbc.com/2026/08/31/jim-cramers-top-10-things-to-watch-in-the-stock-market-monday.html,,False,[],[],no_title_or_url_prefilter_match,,[],[],not_enriched_due_to_prefilter_reject,,,
prefilter_reject,f22e99689fd60fa4f3f67a5356f968e04838f8e6abb2856242b188c1cdc8a7c9,,These five stocks had the biggest insider buys this week,https://www.cnbc.com/2021/12/17/these-five-stocks-had-the-biggest-insider-buys-this-week.html,,False,[],[],no_title_or_url_prefilter_match,,[],[],not_enriched_due_to_prefilter_reject,,,
prefilter_reject,6461147777a85f0ede26487f8cf6078c9dac39d572398af1a9fa72be032ef6a0,,Elon Musk's Twitter board seat raises questions about his plans for the company,https://www.cnbc.com/2022/04/05/elon-musk-joining-twitter-board-raises-questions-about-company-plans.html,,False,[],[],no_title_or_url_prefilter_match,,[],[],not_enriched_due_to_prefilter_reject,,,
prefilter_reject,ec3ca2c18208f3e7649268bbb3f7ef5b095b7e2fd93f23839ce91d15e866d0ac,,"'Small group' of House Republicans bringing social issues into defense bill, U.S. National Security Advisor Sullivan says",https://www.cnbc.com/2023/07/16/jake-sullivan-small-group-of-republicans-behind-ndaa-amendments.html,,False,[],[],no_title_or_url_prefilter_match,,[],[],not_enriched_due_to_prefilter_reject,,,
prefilter_reject,f7565e41f339feb3152d8a1ebd4d2947accb203d882d51e04e3abaee5ead626e,,Lockheed Martin looks to acquire spacecraft maker Terran Orbital for nearly $600 million,https://www.cnbc.com/2024/03/01/lockheed-martin-looks-to-acquire-terran-orbital-for-about-600-million.html,,False,[],[],no_title_or_url_prefilter_match,,[],[],not_enriched_due_to_prefilter_reject,,,
prefilter_reject,f120bd8ea1ed7b2545f6ce58f03613edf9f2fac1ec90d2b15dd9f2b945026aeb,,"Global week ahead: Welcome to September, Wall Street’s least-loved month",https://www.cnbc.com/2025/08/31/global-week-ahead-welcome-to-september-wall-streets-least-loved-month.html,,False,[],[],no_title_or_url_prefilter_match,,[],[],not_enriched_due_to_prefilter_reject,,,
prefilter_reject,da6c626f9ca0fd2a8b6f6e22dbe3a9177ebe890d12ac8ff26975815e3bdf8442,,Here's what Trump's push into mortgage bonds could mean for income investors,https://www.cnbc.com/2026/01/19/what-trumps-push-into-mortgage-bonds-could-mean-for-income-investors.html,,False,[],[],no_title_or_url_prefilter_match,,[],[],not_enriched_due_to_prefilter_reject,,,
prefilter_reject,cdcf0fff957b3749e61add56b5d74c1ea9acb7b173445328eea9dac888440557,,Lake Powell could stop producing energy in 2023 as water levels plunge,https://www.cnbc.com/2021/09/23/lake-powell-hydropower-at-risk-as-water-levels-plunge-says-blm.html,,False,[],[],no_title_or_url_prefilter_match,,[],[],not_enriched_due_to_prefilter_reject,,,
prefilter_reject,33e239bbcfcedce9bfd2a645f6806d319923e68393f32677d0c5a7a3e69c060b,,"Omicron's 'stealth' subvariant BA.2 could go 'wild' in Europe before going global, top epidemiologist says",https://www.cnbc.com/2022/03/23/omicrons-subvariant-bapoint2-could-spread-wildly-in-europe-epidemiologist.html,,False,[],[],no_title_or_url_prefilter_match,,[],[],not_enriched_due_to_prefilter_reject,,,
prefilter_reject,b28082e8bee16aa536fc0214ac1197022658e4d80c731b37a4bfb56edb33b191,,CNBC Daily Open: Rising yields can’t dampen excitement over Nvidia,https://www.cnbc.com/2023/08/22/stock-markets-rising-yields-cant-dampen-excitement-over-nvidia.html,,False,[],[],no_title_or_url_prefilter_match,,[],[],not_enriched_due_to_prefilter_reject,,,
prefilter_reject,755fa49c3e0f7178654fd5c786711ea0629c47e8a965f60b9bdf3f2abedbcd60,,"American Express CEO says spending is strong, delinquencies are down from 2019",https://www.cnbc.com/2024/01/19/american-express-ceo-says-spending-is-strong-delinquencies-are-down.html,,False,[],[],no_title_or_url_prefilter_match,,[],[],not_enriched_due_to_prefilter_reject,,,
prefilter_reject,5f0bdaf23dbb00c0c1c6f36bfe85b742233577f4ebbaf537ed70f5c88095e5f1,,Pro archive: 2023 economic outlook and how to invest in it,https://www.cnbc.com/2025/02/04/2023-economic-outlook-and-how-to-invest-in-it.html,,False,[],[],no_title_or_url_prefilter_match,,[],[],not_enriched_due_to_prefilter_reject,,,
prefilter_reject,9368965a3360096649991271577802ec843ac2dcea48a6bdee3dcd8ca4efc786,,"Oil prices top $100, FDA leadership change, the wellness boom and more in Morning Squawk",https://www.cnbc.com/2026/03/09/5-things-to-know-before-the-market-opens.html,,False,[],[],no_title_or_url_prefilter_match,,[],[],not_enriched_due_to_prefilter_reject,,,
prefilter_reject,25d4ae29a4357e943a59ed78af3bf09498c22d9521fa732a0666708a67ac476b,,Doodles used to create Gary Vaynerchuk NFT collection sell for $1.2 million in Christie's auction,https://www.cnbc.com/2021/10/01/christies-auctioned-gary-vaynerchuks-nft-art-for-1point2-million.html,,False,[],[],no_title_or_url_prefilter_match,,[],[],not_enriched_due_to_prefilter_reject,,,
prefilter_reject,afabd5285d6a1353e3f9efdc64fee5ab7a8bc8978109b0be3932bf469b55fd2a,,Commerce Secretary Gina Raimondo tests positive for Covid after attending politician-packed D.C. Gridiron dinner,https://www.cnbc.com/2022/04/06/biden-commerce-secretary-gina-raimondo-tests-positive-for-covid.html,,False,[],[],no_title_or_url_prefilter_match,,[],[],not_enriched_due_to_prefilter_reject,,,
prefilter_reject,4d9a7c29c6a0ab243f09d20c86cc99ead67a12dcc142a4213cbc81261c3b8adb,,"Stocks making the biggest moves premarket: FedEx, General Mills, Salesforce and more",https://www.cnbc.com/2023/12/20/stocks-making-the-biggest-moves-premarket-fedex-general-mills-salesforce-and-more.html,,False,[],[],no_title_or_url_prefilter_match,,[],[],not_enriched_due_to_prefilter_reject,,,
prefilter_reject,4387df42d7195f9f194a5fb593aad0d2ad34a2b875bbbb02b402e5d1b7a06e3b,,Amazon is using generative AI to drive more same-day shipping using smarter robots and better routes,https://www.cnbc.com/2024/09/17/how-amazon-is-using-generative-ai-to-drive-more-same-day-deliveries.html,,False,[],[],no_title_or_url_prefilter_match,,[],[],not_enriched_due_to_prefilter_reject,,,
prefilter_reject,a5e4c86b25c7cddfbc0536ef4d06e67b8483197cac0fcd8a9cbd7fac1f651517,,Pony.ai wins first permit for fully driverless taxi operation in the center of China's Silicon Valley,https://www.cnbc.com/2025/03/28/ponyai-wins-permit-for-fully-driverless-taxi-in-shenzhen-business-district.html,,False,[],[],no_title_or_url_prefilter_match,,[],[],not_enriched_due_to_prefilter_reject,,,
prefilter_reject,a534e743f64364614818ffe658f2f8f32829044e184ace965550a5f1f5dc338c,,"Buy the dip: Microsoft is the best 'pure play' on AI adoption, says Piper Sandler",https://www.cnbc.com/2026/02/03/microsoft-is-the-best-pure-play-on-ai-adoption-says-piper-sandler.html,,False,[],[],no_title_or_url_prefilter_match,,[],[],not_enriched_due_to_prefilter_reject,,,
prefilter_reject,ff4afcbecc8001cceda53cafb7c4e95dea31796632be68e3d44f2dbc511c7af0,,"Walmart's longtime chief financial officer, Brett Biggs, is leaving company",https://www.cnbc.com/2021/11/29/walmarts-longtime-chief-financial-officer-brett-biggs-is-leaving-company.html,,False,[],[],no_title_or_url_prefilter_match,,[],[],not_enriched_due_to_prefilter_reject,,,
prefilter_reject,f94b6df589b019a44e3e42f586c1509167ad36438445eadb83a58c45d4f9b9ab,,Tom Lee thinks stocks can still rally into year-end. Here's why,https://www.cnbc.com/2022/09/22/tom-lee-thinks-stocks-can-still-rally-into-year-end-heres-why.html,,False,[],[],no_title_or_url_prefilter_match,,[],[],not_enriched_due_to_prefilter_reject,,,
prefilter_reject,fc6aa6590b077657ddb9c0eafed7fbde9c53f902615b2ccf77202ac731677d15,,GM-UAW deal back on track for ratification after major plant approves pact,https://www.cnbc.com/2023/11/15/uaw-gm-deal-union-workers-voting.html,,False,[],[],no_title_or_url_prefilter_match,,[],[],not_enriched_due_to_prefilter_reject,,,
prefilter_reject,d1c10150f4a6ed36bc44bedb7916a8da8ba3c68bf2a5a51fb24571b4b0c12d3a,,"'Intense' stage of Gaza fighting is close to end, Israel's Netanyahu says",https://www.cnbc.com/2024/06/24/israels-netanyahu-signals-intense-stage-of-gaza-fighting-close-to-end.html,,False,[],[],no_title_or_url_prefilter_match,,[],[],not_enriched_due_to_prefilter_reject,,,
prefilter_reject,6c68b2b381a211de3d3af6f61e6d093a912a503805ed0919827a66a5b246d677,,Beyond Tencent: Goldman refreshes its list of top Asian stocks — giving one nearly 50% upside,https://www.cnbc.com/2025/01/09/beyond-tencent-goldman-reveals-its-refreshed-list-of-top-asian-stocks.html,,False,[],[],no_title_or_url_prefilter_match,,[],[],not_enriched_due_to_prefilter_reject,,,
prefilter_reject,b91056a9332422e00ac8017cd0fa3160333dd105d6e7743970ef0634fcd4b5c3,,"Stocks making the biggest moves premarket: UnitedHealth, TSMC, GE Aerospace, J.B. Hunt & more",https://www.cnbc.com/2026/07/16/stocks-making-the-biggest-moves-premarket-.html,,False,[],[],no_title_or_url_prefilter_match,,[],[],not_enriched_due_to_prefilter_reject,,,
prefilter_reject,d22d4097d9362a5c74b4e83adacb96224b68aacf278a7650e7ab6304881026fe,,Microsoft will change hiring practices after DOJ said company discriminated against immigrants,https://www.cnbc.com/2021/12/07/microsoft-will-change-hiring-practices-after-doj-labor-settlement.html,,False,[],[],no_title_or_url_prefilter_match,,[],[],not_enriched_due_to_prefilter_reject,,,
prefilter_reject,0094a73699db59ef62c39f093a29a01cfa590c91f3633b6faa48448e46c58b06,,How parents can encourage kids to follow their interests without being pushy,https://www.cnbc.com/2022/03/09/how-to-encourage-kids-to-follow-their-interests-without-being-pushy.html,,False,[],[],no_title_or_url_prefilter_match,,[],[],not_enriched_due_to_prefilter_reject,,,
prefilter_reject,7ebdbb92f232bfd685c7169741ae6df206ca2b848131f6f8235543531a7020b2,,"JPMorgan is skeptical of crypto next year, says ETF approval may be ‘sell-the-news’ event",https://www.cnbc.com/2023/12/14/jpmorgan-is-skeptical-of-crypto-next-year-says-etf-approval-may-be-sell-the-news-event.html,,False,[],[],no_title_or_url_prefilter_match,,[],[],not_enriched_due_to_prefilter_reject,,,
prefilter_reject,08532bec8124d5a4856701aed56b273181a103cbe797b1b47759303b521f70b0,,Cramer's Lightning Round: Robinhood is a buy,https://www.cnbc.com/2024/10/10/cramers-lightning-round-robinhood-is-a-buy.html,,False,[],[],no_title_or_url_prefilter_match,,[],[],not_enriched_due_to_prefilter_reject,,,
prefilter_reject,52e245251537882c6749c16144c2bbda17e060d845d93965d04c2a36d9edf012,,Here come the bullish 2026 stock market forecasts,https://www.cnbc.com/2025/11/17/here-come-the-bullish-2026-stock-market-forecasts.html,,False,[],[],no_title_or_url_prefilter_match,,[],[],not_enriched_due_to_prefilter_reject,,,
prefilter_reject,7dece60883901da4945d12defc2268ec3e37c975390eef862f70b192a3001f04,,How much further does this Teflon market have to go? Here's what traders say,https://www.cnbc.com/2026/05/08/how-much-further-can-this-teflon-market-go-heres-what-traders-say.html,,False,[],[],no_title_or_url_prefilter_match,,[],[],not_enriched_due_to_prefilter_reject,,,
prefilter_reject,ada8b0583d9aa503161001cc533ff9acc9866b4085faa0bfa111f8e4b358e14f,,"Peloton unveils Guide, a strength training program that connects to your TV",https://www.cnbc.com/2021/11/09/peloton-is-launching-a-strength-training-product-for-495.html,,False,[],[],no_title_or_url_prefilter_match,,[],[],not_enriched_due_to_prefilter_reject,,,
prefilter_reject,dfab7927e02396ad5be9802c796d9cbd236cf05bc9c4963fbcadfa606dc7fac7,,Cramer's lightning round: Stay away from Equinix for now,https://www.cnbc.com/2022/06/14/cramers-lightning-round-stay-away-from-equinix-for-now.html,,False,[],[],no_title_or_url_prefilter_match,,[],[],not_enriched_due_to_prefilter_reject,,,
prefilter_reject,a9a8a126dfb035e96581b427bd70819e76676b969c6e8a831ebdfdfeaee5b82d,,Travel won’t fully recover this year — but it will get close,https://www.cnbc.com/2023/05/08/where-is-travel-recovering-the-fastest-two-regions-lead-the-pack.html,,False,[],[],no_title_or_url_prefilter_match,,[],[],not_enriched_due_to_prefilter_reject,,,
prefilter_reject,67d523b1fbf3b02ad6638b64e0f5a7bd638c4b623d377d56825884e66131f599,,"A new warning to Bali tourists: 'Stay away from civet coffee,' says PETA",https://www.cnbc.com/2024/03/08/what-is-civet-coffee-peta-issues-a-new-warning-to-bali-tourists.html,,False,[],[],no_title_or_url_prefilter_match,,[],[],not_enriched_due_to_prefilter_reject,,,
prefilter_reject,e88ae8f8fbe675da81d5acbc4281bdfc5e086a0e8e27b8a90ee7b9f67e0fce1f,,"Gold is poised for a new bullish phase, according to the charts. Here are the levels to watch",https://www.cnbc.com/2025/01/09/gold-is-poised-for-a-new-bullish-phase-according-to-the-charts-here-are-the-levels-to-watch.html,,False,[],[],no_title_or_url_prefilter_match,,[],[],not_enriched_due_to_prefilter_reject,,,
prefilter_reject,6d2fe5a1222bfa0926706f56a81cc975d7df9211cd07992b72c8913cad40b142,,UK PM Starmer says he plans to remain in office despite crushing local elections defeat,https://www.cnbc.com/2026/05/09/uk-pm-starmer-says-no-plans-to-quit-despite-local-elections-defeat.html,,False,[],[],no_title_or_url_prefilter_match,,[],[],not_enriched_due_to_prefilter_reject,,,
prefilter_reject,f291fb8a951dc602bcc770715026b44a9f7834151dd6e6c79922334328ec774f,,Stocks fall on Friday to cap tumultuous week of trading from new Covid variant threat,https://www.cnbc.com/2021/12/02/stock-futures-market-open-close-news.html,,False,[],[],no_title_or_url_prefilter_match,,[],[],not_enriched_due_to_prefilter_reject,,,
prefilter_reject,cc0e5e6d9773c7978b44e503cc3b408b2c9a56fdac69b2bd1d531528b76f088d,,Cramer's lightning round: GoodRx is in a 'no-fly zone',https://www.cnbc.com/2022/01/21/cramers-lightning-round-goodrx-is-in-a-no-fly-zone.html,,False,[],[],no_title_or_url_prefilter_match,,[],[],not_enriched_due_to_prefilter_reject,,,
prefilter_reject,da949027b053b434265cc27c0b44a7a883e07bc3c319a33df9dd0d35b58763cb,,Betting on WWE matches? 'NFW!' say gaming operators and regulators,https://www.cnbc.com/2023/03/10/wwe-legal-betting-skepticism.html,,False,[],[],no_title_or_url_prefilter_match,,[],[],not_enriched_due_to_prefilter_reject,,,
prefilter_reject,99e04b55c8c79a4df4a921c12ec1e7c09aa5dadc74777ad7310cec1afcf51cbb,,"S&P 500 futures are showing a bearish trend, here's what chart analysts are saying about it",https://www.cnbc.com/2024/04/11/sp-500-futures-are-showing-a-bearish-trend-heres-what-chart-analysts-are-saying-about-it.html,,False,[],[],no_title_or_url_prefilter_match,,[],[],not_enriched_due_to_prefilter_reject,,,
prefilter_reject,9a599065653540308c01f69120d34c42b78e75850e7f0769391834ea55e661c8,,5 things to know before the stock market opens Wednesday,https://www.cnbc.com/2025/03/19/5-things-to-know-before-the-stock-market-opens-wednesday-march-19.html,,False,[],[],no_title_or_url_prefilter_match,,[],[],not_enriched_due_to_prefilter_reject,,,
prefilter_reject,6f3dfb2e8838e4aca37db8b0d971ea9ebd55800505f617b262d21607c602fe74,,U.S. airlines are hiking fares — and travelers keep booking,https://www.cnbc.com/2026/04/28/airlines-fares-fuel.html,,False,[],[],no_title_or_url_prefilter_match,,[],[],not_enriched_due_to_prefilter_reject,,,
prefilter_reject,b8c9f68b2fc59e5cb7fab65ad0ee4072d7213cdbe382d257a49d31aa7597ea22,,Senators urge investigation into Amazon over alleged discrimination against pregnant warehouse workers,https://www.cnbc.com/2021/09/10/senators-call-for-amazon-investigation-over-alleged-pregnancy-discrimination.html,,False,[],[],no_title_or_url_prefilter_match,,[],[],not_enriched_due_to_prefilter_reject,,,
prefilter_reject,a8c16d4819aa0ebb0d8ecae2389c622531d744750d2a2143954d486b5f23dfdc,,"Climate bill could create 1,000 new companies, says head of investment at Bill Gates' Breakthrough Energy Ventures",https://www.cnbc.com/2022/08/16/climate-bill-could-create-1000-new-companies-breakthrough-investor.html,,False,[],[],no_title_or_url_prefilter_match,,[],[],not_enriched_due_to_prefilter_reject,,,
prefilter_reject,a805b62b9550da4de987d77121f8485c18f35da4091f4267b7776d4f48af1ef3,,"Bullish developments for three stocks across sectors — and our take, too",https://www.cnbc.com/2023/07/21/bullish-developments-for-three-stocks-across-sectors-and-our-take.html,,False,[],[],no_title_or_url_prefilter_match,,[],[],not_enriched_due_to_prefilter_reject,,,
prefilter_reject,bd22ad3153e07eabfd30577dc91f19e4ae163e99b112678286ebc9fdbed0f0d3,,"Here are Monday's biggest analyst calls: Tesla, Nvidia, Apple, AMD, Home Depot, Western Digital & more",https://www.cnbc.com/2024/01/22/wall-streets-stocks-to-watch-on-monday.html,,False,[],[],no_title_or_url_prefilter_match,,[],[],not_enriched_due_to_prefilter_reject,,,
prefilter_reject,52998aac28a00778c8dc079988ecf4a6525c853cb1d962de9720701847aad3ae,,Looking to buy an industrial AI play? Here are levels to watch for Eaton and GE Vernova,https://www.cnbc.com/2025/09/15/looking-to-buy-an-industrial-ai-play-here-are-levels-to-watch-for-eaton-and-ge-vernova.html,,False,[],[],no_title_or_url_prefilter_match,,[],[],not_enriched_due_to_prefilter_reject,,,
prefilter_reject,7d4b24dfeaad44e9addb095f10082e1efc8b267b81a7afa3b87742374a247fa3,,"Commercial real estate saw record lending competition in April, according to JLL",https://www.cnbc.com/2026/06/10/jll-commercial-real-estate-record-lending-competition-april.html,,False,[],[],no_title_or_url_prefilter_match,,[],[],not_enriched_due_to_prefilter_reject,,,
prefilter_reject,0591f37e8b0a37ad79f9c226c3574b809c9f22f7c89800dd7ce81e55fabb64f3,,"Mastercard enters 'buy now, pay later' battle with new installment loan program",https://www.cnbc.com/2021/09/28/mastercard-enters-buy-now-pay-later-battle-with-new-installment-loan-program.html,,False,[],[],no_title_or_url_prefilter_match,,[],[],not_enriched_due_to_prefilter_reject,,,
prefilter_reject,4a0354c8175780306b6bef23ca6e61d5265a0dcd4a0a4e883d2eac4aef711c6a,,Warren Buffett paid $11.6 billion for a company run by his 'long-time friend' — here's why he values trust so much,https://www.cnbc.com/2022/03/21/warren-buffett-just-bought-a-company-run-by-his-long-time-friend.html,,False,[],[],no_title_or_url_prefilter_match,,[],[],not_enriched_due_to_prefilter_reject,,,
prefilter_reject,ccff6419ce5642e661b15d73b43d52c1539f0945d209ff693e191236526ac00d,,What workers on strike need to know about collecting unemployment benefits,https://www.cnbc.com/2023/10/10/what-workers-on-strike-need-to-know-about-unemployment-benefits.html,,False,[],[],no_title_or_url_prefilter_match,,[],[],not_enriched_due_to_prefilter_reject,,,
prefilter_reject,be91d125ae3426f31ab1ad57f7cc62077e9fe7566aca9574038aec77b361beaf,,"A tough new EU cyber law is off to a messy start, with many countries failing to adopt the rules",https://www.cnbc.com/2024/10/17/nis2-most-eu-countries-miss-deadline-to-meet-new-cybersecurity-rules.html,,False,[],[],no_title_or_url_prefilter_match,,[],[],not_enriched_due_to_prefilter_reject,,,
prefilter_reject,9758c95f8081e81714b94d7fd1298d3d0b84504462ba6032cf40ba7fa9d3f1dc,,"A new report shows the 10 U.S. cities where rent is the most affordable: 'Heading west seems to be the way to go,' expert says",https://www.cnbc.com/2025/04/17/wallethub-cities-most-affordable-rent.html,,False,[],[],no_title_or_url_prefilter_match,,[],[],not_enriched_due_to_prefilter_reject,,,
prefilter_reject,2bcb4c0353506a0d59476b92787ff067c2988fdae136239698552aab81438437,,Goldman Sachs tops estimates on record equities trading,https://www.cnbc.com/2026/04/13/goldman-sachs-gs-earnings-1q-2026.html,,False,[],[],no_title_or_url_prefilter_match,,[],[],not_enriched_due_to_prefilter_reject,,,
prefilter_reject,cc010bd7f1df6f08c872c17a2caf38cda99b38271ae4c0e44ae7fa2e2084ccb2,,"Best trades on CNBC Monday: Cramer's financial pick of the day, Tom Lee on big tech, and why buy Disney on the dip",https://www.cnbc.com/2021/11/29/best-trades-on-cnbc-monday-cramers-financial-pick-tech-and-disney.html,,False,[],[],no_title_or_url_prefilter_match,,[],[],not_enriched_due_to_prefilter_reject,,,
prefilter_reject,2216175e0e78c681072dcaa3c4d5f4a752b0c0eafdde6fb8420258b0b99f0930,,"Antibiotics prices surge in UK amid Strep A outbreak, leaving drugstores 'footing the bill'",https://www.cnbc.com/2022/12/13/strep-a-antibiotics-prices-shortages-hit-drugstores-amid-uk-outbreak.html,,False,[],[],no_title_or_url_prefilter_match,,[],[],not_enriched_due_to_prefilter_reject,,,
prefilter_reject,b97b95937bb6b98d975bb1620cb49a1451d343b8354fc2128c25194e886d52ad,,"UAW launches union campaigns at Tesla, 12 other automakers in the U.S.",https://www.cnbc.com/2023/11/29/uaw-launches-union-campaigns-at-tesla-12-others.html,,False,[],[],no_title_or_url_prefilter_match,,[],[],not_enriched_due_to_prefilter_reject,,,
prefilter_reject,a06b6ab899fa9ecd682873c0ffa07157582a4ed91aed4724eb32c171875460eb,,"Thursday analyst calls: Disney draws praise for earnings, AmEx, Alibaba get downgrades",https://www.cnbc.com/2024/02/08/thursday-analyst-calls-disney-draws-praise-for-earnings-amex-gets-downgrade.html,,False,[],[],no_title_or_url_prefilter_match,,[],[],not_enriched_due_to_prefilter_reject,,,
prefilter_reject,3d00f1a95e150eb08fa6113761bb3b0dd9cce199f1116dac3ae5eed1857db5ca,,Warren Buffett's likely exit from Kraft Heinz creates a big overhang for the underperforming mac-and-cheese stock,https://www.cnbc.com/2025/09/07/buffetts-likely-exit-from-kraft-heinz-is-a-problem-for-the-mac-and-cheese-stock-.html,,False,[],[],no_title_or_url_prefilter_match,,[],[],not_enriched_due_to_prefilter_reject,,,
prefilter_reject,6e0ceda5bd39617a26fb09e4f1fcbc321e5bfe75261ea8c49048b6f65b754ae5,,"Mike Mayo says Citi remains his top pick, sees restructuring driving stock higher",https://www.cnbc.com/2026/04/15/mike-mayo-says-citi-remains-his-top-pick-sees-restructuring-driving-stock-higher.html,,False,[],[],no_title_or_url_prefilter_match,,[],[],not_enriched_due_to_prefilter_reject,,,
prefilter_reject,e9bf48fc87d1cead84f991a7c7bdcfff0c44be3f53984ef7544bb958f0d06cb3,,,https://www.cnbc.com/advertorial/2021/12/08/how-sun-life-uses-workday-extend-and-people-experience-to-engage-employees.html,,False,[],[],no_title_or_url_prefilter_match,,[],[],not_enriched_due_to_prefilter_reject,,,
prefilter_reject,28509a1c4201b97e60c6c04e6904e2291acbf5b62635ee7f05e4b91db93192fe,,"It's time to buy this residential generator leader trading at attractive levels, Cowen says",https://www.cnbc.com/2022/09/30/its-time-to-buy-this-residential-generator-leader-trading-at-attractive-levels-cowen-says.html,,False,[],[],no_title_or_url_prefilter_match,,[],[],not_enriched_due_to_prefilter_reject,,,
prefilter_reject,13f6e967e8837e931790f8dc29016bebf4b5427b372cd6b036a4566600ba3d05,,"Here are Tuesday's biggest analyst calls: Arm, Apple, Nvidia, Starbucks, CVS, Planet Fitness and more",https://www.cnbc.com/2023/09/19/tuesdays-top-stock-calls-by-wall-street-analysts.html,,False,[],[],no_title_or_url_prefilter_match,,[],[],not_enriched_due_to_prefilter_reject,,,
prefilter_reject,ddb43561d3dcb8afe12760e68a3b2fc1d4b921ec10bd1e952fa9c51d39a4572b,,"Credit expert: You have 'dozens and dozens' of credit scores, but they should all have one thing in common",https://www.cnbc.com/2024/09/10/how-to-check-credit-score-and-credit-report-for-free.html,,False,[],[],no_title_or_url_prefilter_match,,[],[],not_enriched_due_to_prefilter_reject,,,
prefilter_reject,d6dafb1d402312c85d2291445fcb766f5835778d6ce3defff32447bdbcd42713,,This San Francisco-based satellite company's stock has doubled in the past three months,https://www.cnbc.com/2025/10/28/this-san-francisco-based-satellite-companys-stock-has-doubled-in-the-past-three-months.html,,False,[],[],no_title_or_url_prefilter_match,,[],[],not_enriched_due_to_prefilter_reject,,,
prefilter_reject,07ce11b11fd2101647bd687f1ac6b083f30477a7e97c1e5d8306e22d785889b3,,Not just buying 'things': Why China's emotional economy is on the rise,https://www.cnbc.com/2026/03/23/chinas-emotional-economy-is-on-the-rise.html,,False,[],[],no_title_or_url_prefilter_match,,[],[],not_enriched_due_to_prefilter_reject,,,
prefilter_reject,ba55c995166a8e22572e6d3f335be2094826ad5d46d6f92aa8dbbf87a3484c1e,,Op-ed: What the Rolling Stones can teach us all about investing,https://www.cnbc.com/2021/09/01/what-the-rolling-stones-charlie-watts-can-teach-us-about-investing.html,,False,[],[],no_title_or_url_prefilter_match,,[],[],not_enriched_due_to_prefilter_reject,,,
prefilter_reject,e9bbb7862c95707e394ac785892a69c002565d66c7746c442db1dcb26ec31afb,,Booster is making renewable fuels accessible in ways a gas station cannot,https://www.cnbc.com/2022/05/25/booster-is-making-renewable-fuels-accessible-in-ways-a-gas-station-cannot.html,,False,[],[],no_title_or_url_prefilter_match,,[],[],not_enriched_due_to_prefilter_reject,,,
prefilter_reject,a04ec8b860e7c352c4396b97d2bc1ef5719a0e65c08fd1d982c92f2e3dc2e6df,,Where China’s consumers are spending. Jefferies' top sector picks for 2024,https://www.cnbc.com/2023/11/26/where-chinas-consumers-are-spending-jefferies-top-picks-for-2024.html,,False,[],[],no_title_or_url_prefilter_match,,[],[],not_enriched_due_to_prefilter_reject,,,
prefilter_reject,18d8f5eb5275945f35c4fcc9e696cd60da05c6cf6bc794b3a3173d8c9c4ce152,,Wells Fargo sees this biotech stock rallying 75% in its bull case,https://www.cnbc.com/2024/12/02/wells-fargo-sees-this-biotech-stock-rallying-75percent-in-its-bull-case.html,,False,[],[],no_title_or_url_prefilter_match,,[],[],not_enriched_due_to_prefilter_reject,,,
prefilter_reject,2ba3aa5c7595f3d3f6ebbed9216ce17d094d081b50c45b2877d9b3af4064b4ca,,Democrats ask Google whether talks with Trump over censorship suit include possible 'quid-pro-quo' deal,https://www.cnbc.com/2025/08/07/google-trump-settlement-democrats.html,,False,[],[],no_title_or_url_prefilter_match,,[],[],not_enriched_due_to_prefilter_reject,,,
prefilter_reject,39e7096b4eb808b574cdbd82805f9cb9a3b253fafeed6650ce5a287f1c5c8194,,3. Databricks,https://www.cnbc.com/2025/06/10/databricks-cnbc-disruptor-50.html,,False,[],[],no_title_or_url_prefilter_match,,[],[],not_enriched_due_to_prefilter_reject,,,
prefilter_reject,dd759404aaae780d6e875c640911a9be73462ec33f49a60d48b8282f613d96b8,,"Boeing could rally nearly 30% as aircraft deliveries pick up, RBC says",https://www.cnbc.com/2021/10/22/boeing-could-rally-nearly-30percent-as-aircraft-deliveries-pick-up-rbc-says-.html,,False,[],[],no_title_or_url_prefilter_match,,[],[],not_enriched_due_to_prefilter_reject,,,
prefilter_reject,2436302490693ab699489ce8f4a7186637a1594dfc4cbfac7402979e51d61197,,How The North Face is moving to compete with Patagonia,https://www.cnbc.com/2022/01/27/how-the-north-face-is-moving-to-compete-with-patagonia-.html,,False,[],[],no_title_or_url_prefilter_match,,[],[],not_enriched_due_to_prefilter_reject,,,
prefilter_reject,f7eeb5aab493d4442187dabf2b0c052bfdeaccc2da35a19e9f85fc1380858f20,,"Biden sends firefighters, aid to Canada as wildfire smoke blankets much of the U.S.",https://www.cnbc.com/2023/06/08/canada-wildfires-biden-sends-aid.html,,False,[],[],no_title_or_url_prefilter_match,,[],[],not_enriched_due_to_prefilter_reject,,,
prefilter_reject,21c90db8777dc1d0d759de10fa8667a5c30a8ecd99ab53dd8f6cb7eb1b715c25,,"This small-cap stock could see big gains as film industry continues poststrike normalization, analyst says",https://www.cnbc.com/2024/07/24/this-small-cap-stock-could-see-big-gains-as-film-industry-normalizes-analyst-says.html,,False,[],[],no_title_or_url_prefilter_match,,[],[],not_enriched_due_to_prefilter_reject,,,
prefilter_reject,2049141248d80b89e59a392489db58a05e7b1e22ffd42cb3a2d57c156b58c52d,,Massie warns blocking Epstein vote in the House could be political liability for GOP in midterms,https://www.cnbc.com/2025/07/27/massie-trump-epstein-justice-department-mike-johnson.html,,False,[],[],no_title_or_url_prefilter_match,,[],[],not_enriched_due_to_prefilter_reject,,,
prefilter_reject,3b6ee87344155a7e480b7baff209669fbc04a3a6cc762975e83f0411cb0aa4cd,,The world’s rich are relocating at a pace unseen in history — where are they going?,https://www.cnbc.com/2026/02/11/the-worlds-rich-are-relocating-at-a-pace-unseen-in-history-where-are-they-going.html,,False,[],[],no_title_or_url_prefilter_match,,[],[],not_enriched_due_to_prefilter_reject,,,
prefilter_reject,135588fd1acc72483c91ce45eb2fd8cc0bca709893870525c92c3d7826b1e251,,"After hard times for renters, cities and states pass dozens of new protections",https://www.cnbc.com/2021/11/23/after-a-hard-time-for-renters-cities-and-states-pass-new-protections-.html,,False,[],[],no_title_or_url_prefilter_match,,[],[],not_enriched_due_to_prefilter_reject,,,
prefilter_reject,3a61daa5816642f30f1b019511c9d68c278e6e3d4e982db0491732dc2825f8cc,,Student loan processor Navient required to cancel $1.7 billion in student loans,https://www.cnbc.com/2022/01/13/student-loan-processor-navient-to-cancel-1point7-billion-in-student-loans-.html,,False,[],[],no_title_or_url_prefilter_match,,[],[],not_enriched_due_to_prefilter_reject,,,
prefilter_reject,568b2be58ec58bd6cbf96b12825dd79b8f829241a195082ee7e90bda91536875,,MIT neuroscientist: The No. 1 skill that sets people with ‘excellent memory’ apart from those who struggle—'it's rare',https://www.cnbc.com/2023/04/21/mit-neuroscientist-the-no-1-thing-that-sets-people-with-excellent-memory-apart-from-those-who-struggle.html,,False,[],[],no_title_or_url_prefilter_match,,[],[],not_enriched_due_to_prefilter_reject,,,
prefilter_reject,ba75d05050e695cdbb208d5fe494d487f74c3d8da2e19dd8e3151a0558242e15,,"Trump lauded at Republican convention, his first public appearance since assassination attempt",https://www.cnbc.com/2024/07/15/live-updates-trump-officially-becomes-the-republican-nominee-as-delegates-vote.html,,False,[],[],no_title_or_url_prefilter_match,,[],[],not_enriched_due_to_prefilter_reject,,,
prefilter_reject,656948e4f7272d62cdde73901590c237b30a14379132410d87def58072a45f70,,Eli Lilly earnings are coming Thursday. Here's what top analysts expect,https://www.cnbc.com/2025/08/06/eli-lilly-earnings-are-coming-thursday-what-top-analysts-expect.html,,False,[],[],no_title_or_url_prefilter_match,,[],[],not_enriched_due_to_prefilter_reject,,,
prefilter_reject,274b5e8f7b691e98bc9e71ae541f5524cc21472accbdeeadadb82ce7e63f761a,,Former SEC Chair Jay Clayton says regulators would scrutinize trading ahead of Trump post,https://www.cnbc.com/2026/03/25/former-sec-chair-jay-clayton-says-regulators-would-scrutinize-trading-ahead-of-trump-post.html,,False,[],[],no_title_or_url_prefilter_match,,[],[],not_enriched_due_to_prefilter_reject,,,
prefilter_reject,3238792e7d8b704641ac005565bd99a59648be650e1791bff3f11333fb7d8f18,,"Morgan Stanley downgrades Solaredge to equal-weight, says stock may be fully valued",https://www.cnbc.com/2021/11/30/morgan-stanley-downgrades-solaredge-to-equal-weight-says-stock-may-be-fully-valued.html,,False,[],[],no_title_or_url_prefilter_match,,[],[],not_enriched_due_to_prefilter_reject,,,
prefilter_reject,755b1214321ebe60f333cca56d83f22d86ec2b32056679f336e57d934a6702a2,,Pro Picks: Watch all of Wednesday's big stock calls on CNBC,https://www.cnbc.com/2022/09/28/pro-picks-watch-all-of-wednesdays-big-stock-calls-on-cnbc.html,,False,[],[],no_title_or_url_prefilter_match,,[],[],not_enriched_due_to_prefilter_reject,,,
prefilter_reject,03ebf10f8079973d2d0b46cae1df54aa66c810453c1612ef035def0169b46dc8,,"Deutsche Bank downgrades Logitech, says computer and video businesses won't fare well in tough economy",https://www.cnbc.com/2023/01/13/deutsche-bank-downgrades-logitech-says-computer-and-video-businesses-wont-fare-well-in-tough-economy.html,,False,[],[],no_title_or_url_prefilter_match,,[],[],not_enriched_due_to_prefilter_reject,,,
prefilter_reject,e5cc5ffae355dccca59f271f9631bad9767f3947aa6fad49126008dc4580dc95,,"What needs to happen to keep the market comeback going — plus, our new Starbucks price target",https://www.cnbc.com/2024/08/13/how-the-stock-comeback-can-be-sustained-and-our-new-starbucks-price-target.html,,False,[],[],no_title_or_url_prefilter_match,,[],[],not_enriched_due_to_prefilter_reject,,,
prefilter_reject,94d5aead50d70e7891e74b040f094f996e66067749d469a917de5058d1d3b5ea,,UK Exchange: A minimum wage hike — with maximum consequences,https://www.cnbc.com/2025/11/05/uk-exchange-newsletter-minimum-wage-hike-with-maximum-consequences.html,,False,[],[],no_title_or_url_prefilter_match,,[],[],not_enriched_due_to_prefilter_reject,,,
prefilter_reject,20a395dee5ff82b1ed5b35f896010aa49ee9eda761c767287409d0482a226b74,,"Cramer says this health-care giant is a buy, warns not to chase the rally in AMD",https://www.cnbc.com/2026/01/21/cramer-says-health-care-giant-is-a-buy-warns-not-to-chase-rally-in-amd.html,,False,[],[],no_title_or_url_prefilter_match,,[],[],not_enriched_due_to_prefilter_reject,,,
prefilter_reject,ae486854648607aec41ca922f397aecfe9e03c71871228b9b42c41ba4e7f7e67,,Elon Musk says he will pay over $11 billion in taxes this year,https://www.cnbc.com/2021/12/20/elon-musk-says-he-will-pay-over-11-billion-in-taxes-this-year.html,,False,[],[],no_title_or_url_prefilter_match,,[],[],not_enriched_due_to_prefilter_reject,,,
prefilter_reject,8d388594aeb7f2284c328a00ab62fcc49436d49c5f831ddc29288659439d71c4,,How to perfectly time your new omicron-specific Covid booster,https://www.cnbc.com/2022/10/01/how-to-perfectly-time-your-new-omicron-specific-covid-booster.html,,False,[],[],no_title_or_url_prefilter_match,,[],[],not_enriched_due_to_prefilter_reject,,,
prefilter_reject,38667cb5627b92a232295943899476d2cdd6a72ca41ead21abb84bc9df9e9c58,,"Trump Georgia election juror names to be kept secret until trial ends, judge rules",https://www.cnbc.com/2023/09/25/trump-georgia-election-jurors-names-to-be-kept-secret-at-trial.html,,False,[],[],no_title_or_url_prefilter_match,,[],[],not_enriched_due_to_prefilter_reject,,,
prefilter_reject,33ce18bc00ea79fc8fc287d19c92f525ef3ef19ad7237b759d69f4142adbb7b0,,"One move can help your kid land a high credit score in the future, says CFP and father of 6—but avoid this 'dangerous' pitfall",https://www.cnbc.com/2024/09/05/pros-cons-of-adding-your-child-as-an-authorized-credit-card-user.html,,False,[],[],no_title_or_url_prefilter_match,,[],[],not_enriched_due_to_prefilter_reject,,,
