GlobalEventID	SQLDATE	Actor1Code	Actor1Name	Actor1CountryCode	Actor1Type1Code	Actor2Code	Actor2Name	Actor2CountryCode	Actor2Type1Code	EventCode	EventBaseCode	EventRootCode	QuadClass	GoldsteinScale	NumMentions	NumSources	NumArticles	AvgTone	ActionGeo_CountryCode	DATEADDED	SOURCEURL
1001925380	20200901	JUD	CIRCUIT COURT OF APPEALS		JUD					120	120	12	3	-4.0	20	1	20	-4.44729682820307	US	20210901000000	https://biologicaldiversity.org/w/news/press-releases/lawsuit-filed-after-biden-opens-79-million-acres-of-gulf-of-mexico-for-oil-2021-08-31/
1001925382	20200901	OPP	PRISONER		OPP	AFG	AFGHANISTAN	AFG		192	192	19	4	-9.5	10	2	10	-3.3212116995427	AF	20210901000000	https://abc17news.com/politics/national-politics/cnn-us-politics/2021/08/31/biden-set-to-address-the-nation-following-the-us-withdrawal-from-afghanistan/
1001925419	20210825	REB	SUICIDE BOMBER		REB					1831	183	18	4	-10.0	20	2	20	-4.93882368013876	US	20210901000000	https://gazette.com/ap/politics/biden-praises-airlift-defends-departure-from-forever-war/article_2660163b-6106-5f2a-acf9-5649b06186db.html
1001925420	20210825	REB	SUICIDE BOMBER		REB	LEG	LAWMAKER		LEG	190	190	19	4	-10.0	20	2	20	-4.93882368013876	AF	20210901000000	https://gazette.com/ap/politics/biden-praises-airlift-defends-departure-from-forever-war/article_2660163b-6106-5f2a-acf9-5649b06186db.html
1001925428	20210825	USAMED	REUTERS	USA	MED	IGOUNO	UNITED NATIONS		IGO	190	190	19	4	-10.0	10	1	10	-3.17460317460318	AF	20210901000000	https://www.breitbart.com/asia/2021/08/31/u-n-security-council-politely-requests-taliban-respect-human-rights/
1001925552	20210901					GOV	GOVERNMENT		GOV	100	100	10	3	-5.0	36	4	36	-0.468100353442311	EI	20210901000000	https://www.independent.co.uk/news/uk/politics/universal-credit-uplift-uk-coffey-b1911856.html
1001925553	20210901					GOV	GOVERNMENT		GOV	100	100	10	3	-5.0	10	1	10	1.68067226890757	IT	20210901000000	http://www.voxy.co.nz/politics/5/392004
1001925554	20210901					GOV	GOVERNMENT		GOV	100	100	10	3	-5.0	6	1	6	-1.14226375908619	US	20210901000000	https://www.bizjournals.com/portland/news/2021/08/31/us-sen-wyden-on-not-betting-against-portland.html
1001925556	20210901					GOV	AUTHORITIES		GOV	173	173	17	4	-5.0	10	1	10	-8.46730975348334	US	20210901000000	https://abcnews.go.com/US/wireStory/backpage-owners-head-trial-alleged-sex-ads-79752679
1001925558	20210901					GOV	ADMINISTRATION		GOV	190	190	19	4	-10.0	6	1	6	-5.54371002132196	US	20210901000000	https://muscatinejournal.com/news/state-and-regional/iowa/state-mask-bans-face-federal-civil-rights-inquiries/article_bfbb8aae-b6f1-56a0-83df-0e35d5b775cc.html
1001925559	20210901					GOV	GOVERNOR		GOV	190	190	19	4	-10.0	6	2	6	-1.16432613181637	US	20210901000000	https://www.kbyr.com/2021/08/31/even-in-backup-role-federal-government-supports-ida-victims/
1001925577	20210901					JUD	DEFENSE ATTORNEY		JUD	100	100	10	3	-5.0	12	4	12	-8.50325035674647	MY	20210901000000	https://www.wboc.com/story/44643524/bali-bomb-case-at-guantanamo-runs-into-immediate-challenges
1001925578	20210901					JUD	JUDGE		JUD	112	112	11	3	-2.0	8	1	8	-7.75444264943457	US	20210901000000	https://www.houstonchronicle.com/news/houston-texas/houston/article/GOP-bail-bill-on-the-way-to-Abbott-s-desk-after-16426576.php
1001925580	20210901					JUD	JUDGE		JUD	114	114	11	3	-2.0	5	1	5	-3.35195530726257	US	20210901000000	https://news.stlpublicradio.org/health-science-environment/2021-08-31/nearly-1-000-missouri-nurses-could-get-compensation-in-lawsuit-over-unpaid-time
1001925591	20210901					LEG	SENATOR		LEG	190	190	19	4	-10.0	20	2	20	-0.81967213114754		20210901000000	https://siouxcityjournal.com/news/state-and-regional/govt-and-politics/redistricting-special-session-must-be-completed-within-two-weeks-speaker-tells-senators/article_837289e4-8dad-5772-81a5-6d65c28a7e08.html
1001925592	20210901					LEG	SENATE		LEG	192	192	19	4	-9.5	12	2	12	-5.02144607843138	US	20210901000000	https://www.calgarysun.com/news/world/biden-cites-afghan-military-trump-role-in-messy-afghanistan-exit/wcm/a1d9208d-9d1b-44cf-9551-824b801010bf
1001925593	20210901					LEG	SENATE		LEG	192	192	19	4	-9.5	8	1	8	-5.3125	AF	20210901000000	https://www.dailymaverick.co.za/article/2021-08-31-biden-cites-afghan-military-trump-role-in-messy-afghanistan-exit-source-reuters/
1001925606	20210901					MIL	ARMY STAFF		MIL	190	190	19	4	-10.0	10	1	10	-0.61855670103093	IZ	20210901000000	https://thehill.com/homenews/house/570281-more-than-150-lawmakers-introduce-bill-to-award-congressional-gold-medal-to
1001925768	20210901	AFG	AFGHANISTAN	AFG		AFGGOV	HAMID KARZAI	AFG	GOV	160	160	16	4	-4.0	8	2	8	-8.54241338112306	AF	20210901000000	https://www.onenewspage.com/n/World/1zn36wavej/Filmmaker-documents-what-it-like-for-someone.htm
1001925824	20210901	AFG	AFGHANISTAN	AFG		UAF	ENEMY COMBATANT		UAF	192	192	19	4	-9.5	6	1	6	-3.43642611683848	AF	20210901000000	https://www.djournal.com/news/national/it-was-a-real-numb-feeling-afghan-war-veterans-react-to-u-s-withdrawal/article_642c1219-02e9-579e-af25-8f9486f4b0ca.html
1001925837	20210901	AFG	AFGHANISTAN	AFG		USA	THE US	USA		100	100	10	3	-5.0	20	2	20	-1.67028349801459	AF	20210901000000	https://breakingdefense.com/2021/08/after-two-decades-us-ends-combat-mission-in-afghanistan/
1001925838	20210901	AFG	AFGHANISTAN	AFG		USA	UNITED STATES	USA		100	100	10	3	-5.0	8	1	8	1.11731843575419	AF	20210901000000	https://news.yahoo.com/britain-talks-taliban-safe-passage-201408478.html
1001925863	20210901	AFGGOV	HAMID KARZAI	AFG	GOV	AFGINSTAL	TALIBAN	AFG	INS	100	100	10	3	-5.0	6	1	6	-4.96323529411765	AF	20210901000000	https://www.calgarysun.com/news/world/biden-cites-afghan-military-trump-role-in-messy-afghanistan-exit/wcm/a1d9208d-9d1b-44cf-9551-824b801010bf
1001925922	20210901	AFGINSTAL	TALIBAN	AFG	INS	GOV	MINISTRY		GOV	173	173	17	4	-5.0	8	1	8	-1.80995475113122	AF	20210901000000	https://www.cnn.com/world/live-news/afghanistan-taliban-us-news-08-16-21/h_5857e760cc478ba44a27a786c0435c38
1001925935	20210901	AFGINSTAL	TALIBAN	AFG	INS	REB	INSURGENT GROUP		REB	100	100	10	3	-5.0	10	1	10	-2.60791366906475	AF	20210901000000	https://www.cairnspost.com.au/taliban-celebrate-us-troops-withdrawal-from-afghanistan-amid-august-31-deadline/news-story/ceef40c49992a9b6a6aa0fa977ce926f?nk=044793180187c62ad8c801220507171d-1630453639
1001925956	20210901	AFGMIL	AFGHAN	AFG	MIL	AFG	AFGHANISTAN	AFG		111	111	11	3	-2.0	6	1	6	-5.3125	US	20210901000000	https://www.dailymaverick.co.za/article/2021-08-31-biden-cites-afghan-military-trump-role-in-messy-afghanistan-exit-source-reuters/
1001925957	20210901	AFGMIL	AFGHAN	AFG	MIL	AFG	AFGHANISTAN	AFG		127	127	12	3	-5.0	6	1	6	-5.3125	US	20210901000000	https://www.dailymaverick.co.za/article/2021-08-31-biden-cites-afghan-military-trump-role-in-messy-afghanistan-exit-source-reuters/
1001926020	20210901	BGD	DHAKA	BGD		UAF	MILITANT		UAF	112	112	11	3	-2.0	7	1	7	-9.46843853820596	BG	20210901000000	https://www.daily-sun.com/post/573934/Six-militants-awarded-death
1001926023	20210901	BHS	NASSAU	BHS		JUD	DEFENSE LAWYER		JUD	112	112	11	3	-2.0	10	1	10	-4.59770114942529		20210901000000	https://www.news4jax.com/news/local/2021/08/31/defense-asks-judge-to-submit-questionnaire-to-potential-jurors-in-kimberly-kessler-trial/
1001926121	20210901	CAN	CANADIAN	CAN		GOV	REGULATOR		GOV	120	120	12	3	-4.0	10	1	10	0.8139534883721	US	20210901000000	https://www.bozemandailychronicle.com/ap_news/business/kansas-city-southern-suitors-bid-in-jeopardy-after-ruling/article_e9f00610-021a-57cb-a270-d1f0b1c71735.html
1001926151	20210901	CHN	CHINA	CHN		IGOUNO	THE SECURITY COUNCIL		IGO	114	114	11	3	-2.0	8	1	8	-3.17460317460318	RS	20210901000000	https://www.breitbart.com/asia/2021/08/31/u-n-security-council-politely-requests-taliban-respect-human-rights/
1001926159	20210901	CHN	CHINA	CHN		PAK	PAKISTAN	PAK		125	125	12	3	-5.0	6	1	6	-2.82485875706214	PK	20210901000000	https://dunyanews.tv/en/Pakistan/617641-Pakistan,-China-wish-to-see-formation-of-inclusive-govt-in-Afghanistan:
1001926164	20210901	CHNGOV	CHINESE	CHN	GOV					120	120	12	3	-4.0	8	1	8	-3.17460317460318	US	20210901000000	https://www.breitbart.com/asia/2021/08/31/u-n-security-council-politely-requests-taliban-respect-human-rights/
1001926211	20210901	COP	POLICE CHIEF		COP	GOV	BUREAUCRACY		GOV	111	111	11	3	-2.0	5	1	5	0.36764705882353		20210901000000	https://www.kare11.com/article/news/crime/chief-arradondo-on-ballot-question-public-safety-could-be-compromised/89-a47c8c84-6e5c-43aa-ad45-f8e0007b7544
1001926212	20210901	COP	POLICE		COP	GOV	ADMINISTRATION		GOV	1712	171	17	4	-9.2	10	1	10	-5.13347022587269	IN	20210901000000	https://timesofindia.indiatimes.com/city/varanasi/mukhtars-wife-in-laws-booked-for-illegal-road-on-grabbed-land/articleshow/85818450.cms
1001926214	20210901	COP	POLICE		COP	GOV	MAYOR		GOV	180	180	18	4	-9.0	6	1	6	-3.82022471910112	US	20210901000000	https://www.fox61.com/article/news/local/mayor-and-local-minister-set-aside-differences-to-focus-on-new-haven-crime-surge/520-512b36fd-ce48-462f-ab42-5e38a1767d6e
1001926242	20210901	CRM	BANDIT		CRM	REB	INSURGENT		REB	181	181	18	4	-9.0	10	1	10	-0.56726094003241	NI	20210901000000	https://punchng.com/ripple-effects-of-exodus-of-nigerian-health-workers/
1001926333	20210901	DEU	GERMANY	DEU		GOV	PRIME MINISTER		GOV	120	120	12	3	-4.0	10	1	10	0.30181086519114	GM	20210901000000	https://ksusentinel.com/2021/08/31/i-would-never-form-a-coalition-with-the-left-says-merkel-of-her-succession-31-08-21-world/
1001926443	20210901	EGY	CAIRO	EGY		ISR	ISRAEL	ISR		186	186	18	4	-10.0	8	1	8	-8.12182741116752	IS	20210901000000	https://www.dailymaverick.co.za/article/2021-09-01-day-of-the-assassins-the-killers-who-stalk-the-shadows-of-political-life/
1001926448	20210901	EGYJUD	ALEXANDRIA	EGY	JUD	JUD	LAWYER		JUD	180	180	18	4	-9.0	7	1	7	-6.44599303135888	EG	20210901000000	https://abcnews.go.com/US/wireStory/alleged-sex-assault-school-band-trip-prompts-legal-79751495
1001926510	20210901	GBR	LONDON	GBR		JPN	JAPAN	JPN		110	110	11	3	-2.0	8	1	8	7.48299319727892	UK	20210901000000	https://www.wallaceburgcourierpress.com/entertainment/local-arts/londons-lost-in-japan-wins-national-song-contests-20000-prize/wcm/a4178eab-8c1b-457b-8c41-ab09f5c63a9d
1001926592	20210901	GOV	GOVERNMENT		GOV					110	110	11	3	-2.0	6	1	6	-3.73831775700935	VE	20210901000000	https://ksusentinel.com/2021/08/31/venezuelan-existential-negotiation-08-31-2021-latin-america21/
1001926595	20210901	GOV	SECRETARY OF STATE		GOV					110	110	11	3	-2.0	10	1	10	-1.31578947368421	EI	20210901000000	https://www.walesonline.co.uk/news/uk-news/work-pensions-secretary-go-ahead-21450850
1001926596	20210901	GOV	MINIST		GOV					111	111	11	3	-2.0	5	1	5	-2.01005025125628	IV	20210901000000	https://peacefmonline.com/pages/local/news/202108/451137.php
1001926597	20210901	GOV	AUTHORITIES		GOV					120	120	12	3	-4.0	20	1	10	-4.42211055276382	US	20210901000000	https://www.msn.com/en-us/news/politics/whats-behind-jan-6-committees-call-for-gop-lawmakers-call-logs-opinion/ar-AANXjaZ
1001926598	20210901	GOV	GOVERNOR		GOV					120	120	12	3	-4.0	6	1	6	-3.1986531986532	US	20210901000000	https://www.ivpressonline.com/open/will-gavin-newsom-release-robert-kennedy-s-killer/article_7b8607a0-0aa9-11ec-b00a-6bbd9a9d6aa8.html
1001926599	20210901	GOV	REGULATOR		GOV					120	120	12	3	-4.0	5	1	5	0.8139534883721	US	20210901000000	https://www.bozemandailychronicle.com/ap_news/business/kansas-city-southern-suitors-bid-in-jeopardy-after-ruling/article_e9f00610-021a-57cb-a270-d1f0b1c71735.html
1001926600	20210901	GOV	GOVERNMENT		GOV					130	130	13	3	-4.4	10	1	10	-1.7467248908297	US	20210901000000	https://www.news4jax.com/news/local/2021/08/31/education-commissioner-threatens-to-withhold-salaries-for-dcps-board-members-over-mask-mandate/
1001926602	20210901	GOV	MAYOR		GOV					130	130	13	3	-4.4	16	1	16	-6.00545950864422	US	20210901000000	https://www.msn.com/en-us/news/us/new-orleans-institutes-curfew-as-power-outages-remain-after-hurricane-ida/ar-AANWIsE
1001926603	20210901	GOV	MAYOR		GOV					145	145	14	3	-7.5	20	1	20	-6.00545950864422	US	20210901000000	https://www.msn.com/en-us/news/us/new-orleans-institutes-curfew-as-power-outages-remain-after-hurricane-ida/ar-AANWIsE
1001926604	20210901	GOV	GOVERNMENT		GOV					160	160	16	4	-4.0	12	2	12	-0.339711174728325	CA	20210901000000	https://www.ctvnews.ca/politics/fortin-s-lawyers-cite-hajdu-interview-comment-in-court-fight-over-his-firing-1.5568394
1001926606	20210901	GOV	GOVERNMENT		GOV					160	160	16	4	-4.0	6	2	6	-0.416794943021713	AF	20210901000000	https://www.ctvnews.ca/politics/fortin-s-lawyers-cite-hajdu-interview-comment-in-court-fight-over-his-firing-1.5568394
1001926607	20210901	GOV	KINGDOM		GOV					174	174	17	4	-5.0	10	1	10	-2.90748898678414	YM	20210901000000	https://www.mintpressnews.com/a-saudi-move-to-deport-yemeni-professionals-en-masse-could-backfire-dramatically/278359/
1001926608	20210901	GOV	MINIST		GOV					1821	182	18	4	-9.0	10	1	10	-2.01005025125628	IV	20210901000000	https://peacefmonline.com/pages/local/news/202108/451137.php
1001926610	20210901	GOV	ADMINISTRATION		GOV					190	190	19	4	-10.0	6	1	6	-5.54371002132196	US	20210901000000	https://muscatinejournal.com/news/state-and-regional/iowa/state-mask-bans-face-federal-civil-rights-inquiries/article_bfbb8aae-b6f1-56a0-83df-0e35d5b775cc.html
1001926611	20210901	GOV	GOVERNOR		GOV					190	190	19	4	-10.0	6	2	6	-1.16432613181637	US	20210901000000	https://www.kbyr.com/2021/08/31/even-in-backup-role-federal-government-supports-ida-victims/
1001926612	20210901	GOV	CHIEF EXECUTIVE		GOV					193	193	19	4	-10.0	5	1	5	-0.43975373790678	UK	20210901000000	https://www.wallaceburgcourierpress.com/news/national/election-2021/in-wide-open-london-west-a-tough-federal-election-fight-brews/wcm/f87a1d3f-cb96-4381-b961-00bf72de3d77
1001926623	20210901	GOV	ADMINISTRATION		GOV	AFG	AFGHANISTAN	AFG		101	101	10	3	-5.0	20	2	20	-2.87356321839081	US	20210901000000	https://www.wgowam.com/news/rep-comer-to-newsmax-oversight-demanding-answers-on-afghanistan/
1001926658	20210901	GOV	AUTHORITIES		GOV	COP	POLICE OFFICER		COP	182	182	18	4	-9.5	10	1	5	-4.42211055276382	US	20210901000000	https://www.msn.com/en-us/news/politics/whats-behind-jan-6-committees-call-for-gop-lawmakers-call-logs-opinion/ar-AANXjaZ
1001926665	20210901	GOV	PRIME MINISTER		GOV	DEU	GERMANY	DEU		110	110	11	3	-2.0	10	1	10	0.30181086519114	GM	20210901000000	https://ksusentinel.com/2021/08/31/i-would-never-form-a-coalition-with-the-left-says-merkel-of-her-succession-31-08-21-world/
1001926671	20210901	GOV	GOVERNMENT		GOV	GBR	UNITED KINGDOM	GBR		120	120	12	3	-4.0	10	1	10	0.76687116564417	UK	20210901000000	https://www.independent.co.uk/news/uk/politics/universal-credit-uplift-uk-coffey-b1911856.html
1001926687	20210901	GOV	GOVERNMENT		GOV	LEG	CONGRESS		LEG	110	110	11	3	-2.0	10	1	10	0	US	20210901000000	https://www.aei.org/op-eds/reconstituting-our-institutions-of-knowledge/
1001926696	20210901	GOV	REGULATOR		GOV	MNCUSA	KANSAS CITY SOUTHERN	USA	MNC	120	120	12	3	-4.0	5	1	5	0.8139534883721	US	20210901000000	https://www.bozemandailychronicle.com/ap_news/business/kansas-city-southern-suitors-bid-in-jeopardy-after-ruling/article_e9f00610-021a-57cb-a270-d1f0b1c71735.html
1001926706	20210901	GOV	GOVERNMENT		GOV	OPP	MILITARY DESERTER		OPP	181	181	18	4	-9.0	10	1	10	-6.79611650485437	ZI	20210901000000	https://www.herald.co.zw/exposing-zim-axis-of-evil/
1001926707	20210901	GOV	AMBASSADOR		GOV	PAK	PAKISTAN	PAK		112	112	11	3	-2.0	10	1	10	-2.82485875706214	PK	20210901000000	https://dunyanews.tv/en/Pakistan/617641-Pakistan,-China-wish-to-see-formation-of-inclusive-govt-in-Afghanistan:
1001926708	20210901	GOV	INTERIOR MINIST		GOV	POL	POLAND	POL		112	112	11	3	-2.0	7	1	7	-5.59440559440559	PL	20210901000000	https://www.theage.com.au/world/europe/belarus-allows-thousands-of-non-european-migrants-to-amass-on-poland-s-border-20210901-p58np3.html
1001926711	20210901	GOV	GOVERNMENT		GOV	PTY	POLITICIAN			120	120	12	3	-4.0	6	1	6	0.76687116564417	UK	20210901000000	https://www.independent.co.uk/news/uk/politics/universal-credit-uplift-uk-coffey-b1911856.html
1001926730	20210901	GOV	AUTHORITIES		GOV	USA	CALIFORNIA	USA		190	190	19	4	-10.0	5	1	5	-3.72628726287263	US	20210901000000	https://www.sfgate.com/news/article/To-Save-Lake-Tahoe-They-Spared-No-Expense-The-16425711.php
1001926732	20210901	GOV	GOVERNOR		GOV	USA	SOUTH CAROLINA	USA		190	190	19	4	-10.0	8	1	8	-5.54371002132196	US	20210901000000	https://muscatinejournal.com/news/state-and-regional/iowa/state-mask-bans-face-federal-civil-rights-inquiries/article_bfbb8aae-b6f1-56a0-83df-0e35d5b775cc.html
1001926742	20210901	GOV	GOVERNMENT		GOV	ZWE	ZIMBABWE	ZWE		111	111	11	3	-2.0	6	1	6	-6.79611650485437	ZI	20210901000000	https://www.herald.co.zw/exposing-zim-axis-of-evil/
1001926745	20210901	GOVEDU	EDUCATION SECRETARY		GOV					112	112	11	3	-2.0	6	1	6	-5.54371002132196	US	20210901000000	https://muscatinejournal.com/news/state-and-regional/iowa/state-mask-bans-face-federal-civil-rights-inquiries/article_bfbb8aae-b6f1-56a0-83df-0e35d5b775cc.html
1001926748	20210901	GOVEDU	EDUCATION SECRETARY		GOV	GOV	MINIST		GOV	112	112	11	3	-2.0	8	1	8	-0.66445182724252	UK	20210901000000	https://www.leicestermercury.co.uk/news/uk-world-news/pupils-class-school-exam-confusion-5855296
1001926749	20210901	GOVEDU	EDUCATION SECRETARY		GOV	GOV	MINIST		GOV	112	112	11	3	-2.0	8	1	8	-0.55432372505543	UK	20210901000000	https://www.derbytelegraph.co.uk/news/uk-world-news/pupils-class-school-exam-confusion-5855296
1001926769	20210901	GOVMIL	DEFENSE DEPARTMENT		GOV	SOM	SOMALIA	SOM		154	154	15	4	-7.2	18	2	18	-2.03712921482956	SO	20210901000000	https://www.kitv.com/story/44643841/fact-check-psaki-claims-us-doesnt-have-a-presence-on-the-ground-in-yemen-and-somalia
1001926792	20210901	HLH	SURGEON		HLH	OPP	DETAINEE		OPP	1822	182	18	4	-9.0	6	1	6	-7.72626931567329	UK	20210901000000	https://www.dailymaverick.co.za/article/2021-09-01-court-told-of-theatrics-of-terror-and-torture-by-security-branch-police/
1001926808	20210901	IGOWSTNAT	NATO	WST	IGO	AFG	AFGHANISTAN	AFG		190	190	19	4	-10.0	10	1	10	-1.26582278481013	AF	20210901000000	https://ksusentinel.com/2021/08/31/taliban-supporters-celebrate-us-exit-with-american-flag-coffins-08-31-21-worldwide/
1001926809	20210901	IMGSEAMOSJMA	ENCEP NURJAMAN	SEA	IMG	MIL	MILITARY COMMISSION		MIL	190	190	19	4	-10.0	8	4	8	-8.50325035674647	MY	20210901000000	https://www.wboc.com/story/44643524/bali-bomb-case-at-guantanamo-runs-into-immediate-challenges
1001926810	20210901	IMGSEAMOSJMA	ENCEP NURJAMAN	SEA	IMG	MYS	MALAYSIA	MYS		173	173	17	4	-5.0	8	4	8	-8.50325035674647	MY	20210901000000	https://www.wboc.com/story/44643524/bali-bomb-case-at-guantanamo-runs-into-immediate-challenges
1001926837	20210901	IRQ	BAGHDAD	IRQ		UAF	MILITANT		UAF	173	173	17	4	-5.0	8	1	8	-5.17241379310345	IZ	20210901000000	https://www.iraqsun.com/news/270960382/iraqi-forces-launch-anti-is-operation-near-iraqi-syrian-border
1001926855	20210901	JPN	JAPAN	JPN		GBR	LONDON	GBR		110	110	11	3	-2.0	7	1	7	7.48299319727892	UK	20210901000000	https://www.wallaceburgcourierpress.com/entertainment/local-arts/londons-lost-in-japan-wins-national-song-contests-20000-prize/wcm/a4178eab-8c1b-457b-8c41-ab09f5c63a9d
1001926896	20210901	JUD	TRIBUNAL		JUD					112	112	11	3	-2.0	6	1	6	-9.46843853820596	BG	20210901000000	https://www.daily-sun.com/post/573934/Six-militants-awarded-death
1001926897	20210901	JUD	JUDGE		JUD					114	114	11	3	-2.0	5	1	5	-3.35195530726257	US	20210901000000	https://news.stlpublicradio.org/health-science-environment/2021-08-31/nearly-1-000-missouri-nurses-could-get-compensation-in-lawsuit-over-unpaid-time
1001926899	20210901	JUD	PROSECUTOR		JUD					120	120	12	3	-4.0	6	1	6	-8.46730975348334	US	20210901000000	https://abcnews.go.com/US/wireStory/backpage-owners-head-trial-alleged-sex-ads-79752679
1001926900	20210901	JUD	JUDGE		JUD					172	172	17	4	-5.0	6	1	6	-5.54371002132196	US	20210901000000	https://muscatinejournal.com/news/state-and-regional/iowa/state-mask-bans-face-federal-civil-rights-inquiries/article_bfbb8aae-b6f1-56a0-83df-0e35d5b775cc.html
1001926913	20210901	JUD	DEFENSE LAWYER		JUD	BHS	NASSAU	BHS		190	190	19	4	-10.0	10	1	10	-4.59770114942529		20210901000000	https://www.news4jax.com/news/local/2021/08/31/defense-asks-judge-to-submit-questionnaire-to-potential-jurors-in-kimberly-kessler-trial/
1001926915	20210901	JUD	JUDGE		JUD	BUS	COMPANY		BUS	114	114	11	3	-2.0	5	1	5	-3.35195530726257	US	20210901000000	https://news.stlpublicradio.org/health-science-environment/2021-08-31/nearly-1-000-missouri-nurses-could-get-compensation-in-lawsuit-over-unpaid-time
1001926918	20210901	JUD	TRIBUNAL		JUD	CRM	CONVICTS		CRM	172	172	17	4	-5.0	10	1	10	-9.46843853820596	BG	20210901000000	https://www.daily-sun.com/post/573934/Six-militants-awarded-death
1001926924	20210901	JUD	JUDGE		JUD	EDU	SCHOOL		EDU	180	180	18	4	-9.0	7	1	7	-6.44599303135888	US	20210901000000	https://abcnews.go.com/US/wireStory/alleged-sex-assault-school-band-trip-prompts-legal-79751495
1001926929	20210901	JUD	MAGISTRATE		JUD	OPP	DETAINEE		OPP	1822	182	18	4	-9.0	10	1	10	-7.72626931567329	SF	20210901000000	https://www.dailymaverick.co.za/article/2021-09-01-court-told-of-theatrics-of-terror-and-torture-by-security-branch-police/
1001926936	20210901	JUD	LAWYER		JUD	USA	COLORADO	USA		115	115	11	3	-2.0	10	1	10	-4.8780487804878	US	20210901000000	https://gazette.com/news/colorado-springs-settles-lawsuit-over-alleged-biased-policing/article_7318507c-09bf-11ec-8084-43e070d9ae10.html
1001926945	20210901	JUD	SUPREME COURT		JUD	USAGOV	JOE BIDEN	USA	GOV	190	190	19	4	-10.0	30	2	30	-2.32347176222867	US	20210901000000	https://www.oleantimesherald.com/news/ap-explains-hochul-bringing-back-ny-legislature-over-evictions/article_d66aeedf-9b27-50e8-a9ef-b9b3c8695212.html
1001926946	20210901	JUD	FEDERAL JUDGE		JUD	USAJUD	MISSOURI	USA	JUD	120	120	12	3	-4.0	6	1	6	-9.71428571428574	US	20210901000000	https://news.stlpublicradio.org/dan-margolies
1001926991	20210901	LEG	CHAMBER		LEG					111	111	11	3	-2.0	5	1	5	-2.96127562642369		20210901000000	https://www.msn.com/en-us/news/us/oklahoma-city-council-rejects-new-mask-mandate/ar-AANWLEW
1001926992	20210901	LEG	LAWMAKER		LEG					120	120	12	3	-4.0	6	1	6	-6.20017714791851	AF	20210901000000	https://www.ivpressonline.com/news/politics/biden-defends-departure-from-forever-war-praises-airlift/article_4d4e5595-a2a4-52b2-bbea-e4be9acc4dde.html
1001926993	20210901	LEG	SENATE		LEG					141	141	14	3	-6.5	40	4	40	-6.22412652200652	US	20210901000000	https://www.crossville-chronicle.com/news/ap_news/texas-legislature-sends-sweeping-gop-voting-bill-to-governor/article_6732b04f-2152-5278-ba64-1a2de009d8cf.html
1001926994	20210901	LEG	SENATOR		LEG					190	190	19	4	-10.0	20	2	20	-0.81967213114754		20210901000000	https://siouxcityjournal.com/news/state-and-regional/govt-and-politics/redistricting-special-session-must-be-completed-within-two-weeks-speaker-tells-senators/article_837289e4-8dad-5772-81a5-6d65c28a7e08.html
1001927026	20210901	LEG	CONGRESS		LEG	YEM	YEMEN	YEM		154	154	15	4	-7.2	12	2	12	-2.03666832586693	US	20210901000000	https://www.kitv.com/story/44643841/fact-check-psaki-claims-us-doesnt-have-a-presence-on-the-ground-in-yemen-and-somalia
1001927081	20210901	MED	PUBLISHER		MED	SAUGOV	ABDULLAH	SAU	GOV	170	170	17	4	-7.0	6	1	6	-9.46843853820596	BG	20210901000000	https://www.daily-sun.com/post/573934/Six-militants-awarded-death
1001927109	20210901	MIL	MILITARY		MIL					120	120	12	3	-4.0	10	1	10	0.33670033670034	CH	20210901000000	https://www.straitstimes.com/asia/se-asia/china-special-envoy-wraps-up-unannounced-myanmar-visit